time (min), RI signal
6,0.004
6.00167,0.003
6.00333,0.002
6.005,0.001
6.00667,0.001
6.00833,0
6.01,-0.001
6.01167,-0.001
6.01333,-0.002
6.015,-0.002
6.01667,-0.003
6.01833,-0.001
6.02,0
6.02167,-0.001
6.02333,-0.001
6.025,-0.001
6.02667,-0.001
6.02833,-0.001
6.03,0
6.03167,-0.001
6.03333,-0.001
6.035,-0.001
6.03667,-0.003
6.03833,-0.005
6.04,-0.005
6.04167,-0.005
6.04333,-0.005
6.045,-0.004
6.04667,-0.003
6.04833,-0.003
6.05,-0.002
6.05167,0
6.05333,0
6.055,0
6.05667,0
6.05833,0
6.06,0.001
6.06167,0.002
6.06333,0.003
6.065,0.003
6.06667,0.004
6.06833,0.005
6.07,0.005
6.07167,0.003
6.07333,0.003
6.075,0.004
6.07667,0.005
6.07833,0.005
6.08,0.004
6.08167,0.005
6.08333,0.005
6.085,0.003
6.08667,0.003
6.08833,0.001
6.09,0.002
6.09167,0.002
6.09333,0.001
6.095,0.001
6.09667,0
6.09833,-0.001
6.1,0
6.10167,0
6.10333,0
6.105,0.001
6.10667,0
6.10833,0
6.11,0
6.11167,0
6.11333,0
6.115,0.001
6.11667,0.001
6.11833,0
6.12,-0.002
6.12167,-0.003
6.12333,-0.003
6.125,-0.003
6.12667,-0.003
6.12833,-0.003
6.13,-0.002
6.13167,-0.002
6.13333,0
6.135,-0.001
6.13667,-0.001
6.13833,-0.001
6.14,-0.001
6.14167,0
6.14333,0
6.145,0
6.14667,-0.001
6.14833,-0.001
6.15,-0.002
6.15167,-0.002
6.15333,-0.001
6.155,-0.001
6.15667,-0.002
6.15833,-0.002
6.16,-0.001
6.16167,-0.001
6.16333,0
6.165,0
6.16667,0.002
6.16833,0.001
6.17,0
6.17167,0
6.17333,0
6.175,-0.002
6.17667,-0.002
6.17833,-0.001
6.18,-0.001
6.18167,0
6.18333,-0.001
6.185,0
6.18667,-0.001
6.18833,0
6.19,-0.001
6.19167,-0.001
6.19333,0
6.195,-0.001
6.19667,-0.001
6.19833,-0.001
6.2,-0.001
6.20167,-0.002
6.20333,-0.003
6.205,-0.004
6.20667,-0.005
6.20833,-0.004
6.21,-0.004
6.21167,-0.003
6.21333,-0.003
6.215,-0.004
6.21667,-0.003
6.21833,-0.002
6.22,0
6.22167,0
6.22333,0.001
6.225,0
6.22667,0
6.22833,0
6.23,0.001
6.23167,0
6.23333,0
6.235,0
6.23667,0
6.23833,-0.001
6.24,-0.003
6.24167,-0.004
6.24333,-0.003
6.245,-0.002
6.24667,-0.003
6.24833,-0.003
6.25,-0.003
6.25167,-0.001
6.25333,0
6.255,0
6.25667,0
6.25833,0.001
6.26,0
6.26167,0
6.26333,0
6.265,-0.001
6.26667,-0.002
6.26833,-0.002
6.27,-0.003
6.27167,-0.002
6.27333,-0.002
6.275,-0.004
6.27667,-0.002
6.27833,-0.002
6.28,-0.003
6.28167,-0.005
6.28333,-0.005
6.285,-0.002
6.28667,-0.003
6.28833,-0.002
6.29,-0.001
6.29167,-0.001
6.29333,-0.003
6.295,-0.004
6.29667,-0.005
6.29833,-0.006
6.3,-0.006
6.30167,-0.003
6.30333,-0.001
6.305,-0.001
6.30667,0
6.30833,-0.001
6.31,-0.003
6.31167,-0.002
6.31333,-0.002
6.315,-0.002
6.31667,0
6.31833,0
6.32,0.001
6.32167,-0.001
6.32333,-0.004
6.325,-0.004
6.32667,-0.002
6.32833,-0.002
6.33,-0.002
6.33167,-0.001
6.33333,-0.001
6.335,-0.001
6.33667,-0.002
6.33833,-0.002
6.34,-0.004
6.34167,-0.002
6.34333,-0.002
6.345,-0.002
6.34667,-0.002
6.34833,-0.002
6.35,-0.001
6.35167,-0.002
6.35333,-0.004
6.355,-0.005
6.35667,-0.005
6.35833,-0.005
6.36,-0.005
6.36167,-0.004
6.36333,-0.003
6.365,-0.003
6.36667,-0.004
6.36833,-0.004
6.37,-0.003
6.37167,-0.002
6.37333,-0.002
6.375,-0.003
6.37667,-0.004
6.37833,-0.006
6.38,-0.006
6.38167,-0.004
6.38333,-0.003
6.385,-0.003
6.38667,-0.006
6.38833,-0.005
6.39,-0.006
6.39167,-0.005
6.39333,-0.004
6.395,-0.003
6.39667,-0.003
6.39833,-0.003
6.4,-0.005
6.40167,-0.006
6.40333,-0.006
6.405,-0.004
6.40667,-0.003
6.40833,-0.003
6.41,-0.003
6.41167,-0.005
6.41333,-0.003
6.415,-0.002
6.41667,-0.002
6.41833,-0.003
6.42,-0.006
6.42167,-0.006
6.42333,-0.004
6.425,-0.003
6.42667,-0.002
6.42833,-0.003
6.43,-0.005
6.43167,-0.005
6.43333,-0.004
6.435,-0.003
6.43667,-0.002
6.43833,-0.002
6.44,-0.001
6.44167,-0.001
6.44333,-0.002
6.445,-0.002
6.44667,-0.002
6.44833,-0.004
6.45,-0.005
6.45167,-0.005
6.45333,-0.005
6.455,-0.002
6.45667,-0.003
6.45833,-0.002
6.46,-0.005
6.46167,-0.006
6.46333,-0.005
6.465,-0.004
6.46667,-0.004
6.46833,-0.003
6.47,-0.002
6.47167,-0.002
6.47333,-0.002
6.475,-0.002
6.47667,-0.002
6.47833,-0.001
6.48,-0.002
6.48167,-0.003
6.48333,-0.003
6.485,-0.002
6.48667,-0.003
6.48833,-0.002
6.49,-0.001
6.49167,-0.001
6.49333,0
6.495,0
6.49667,-0.002
6.49833,-0.002
6.5,-0.003
6.50167,-0.003
6.50333,-0.002
6.505,0
6.50667,-0.001
6.50833,-0.003
6.51,-0.001
6.51167,0
6.51333,0
6.515,0
6.51667,0
6.51833,-0.001
6.52,-0.002
6.52167,-0.002
6.52333,-0.002
6.525,-0.001
6.52667,-0.001
6.52833,-0.001
6.53,-0.001
6.53167,-0.001
6.53333,0
6.535,0
6.53667,0
6.53833,0
6.54,0
6.54167,0
6.54333,0
6.545,0
6.54667,0
6.54833,0.001
6.55,0.001
6.55167,0
6.55333,0
6.555,0
6.55667,0
6.55833,0
6.56,-0.001
6.56167,-0.001
6.56333,0
6.565,0
6.56667,0.001
6.56833,0.001
6.57,0.002
6.57167,0.002
6.57333,0.002
6.575,0.001
6.57667,0
6.57833,-0.001
6.58,-0.001
6.58167,0
6.58333,0
6.585,0
6.58667,0
6.58833,-0.001
6.59,-0.002
6.59167,-0.002
6.59333,-0.002
6.595,-0.002
6.59667,-0.005
6.59833,-0.003
6.6,-0.002
6.60167,-0.003
6.60333,-0.002
6.605,-0.002
6.60667,-0.002
6.60833,-0.003
6.61,-0.004
6.61167,-0.003
6.61333,-0.005
6.615,-0.006
6.61667,-0.006
6.61833,-0.006
6.62,-0.005
6.62167,-0.005
6.62333,-0.004
6.625,-0.004
6.62667,-0.005
6.62833,-0.004
6.63,-0.001
6.63167,-0.001
6.63333,-0.001
6.635,-0.001
6.63667,-0.002
6.63833,-0.003
6.64,-0.003
6.64167,-0.005
6.64333,-0.003
6.645,-0.004
6.64667,-0.005
6.64833,-0.006
6.65,-0.005
6.65167,-0.005
6.65333,-0.005
6.655,-0.006
6.65667,-0.005
6.65833,-0.004
6.66,-0.003
6.66167,-0.002
6.66333,-0.002
6.665,-0.001
6.66667,-0.001
6.66833,-0.002
6.67,0
6.67167,-0.001
6.67333,-0.002
6.675,-0.002
6.67667,-0.001
6.67833,-0.002
6.68,-0.002
6.68167,0
6.68333,0
6.685,0
6.68667,0
6.68833,0
6.69,-0.001
6.69167,-0.002
6.69333,-0.002
6.695,-0.002
6.69667,-0.001
6.69833,-0.001
6.7,0
6.70167,0
6.70333,-0.002
6.705,-0.003
6.70667,-0.004
6.70833,-0.004
6.71,-0.002
6.71167,-0.001
6.71333,0
6.715,0
6.71667,-0.002
6.71833,0
6.72,0
6.72167,-0.001
6.72333,-0.004
6.725,-0.004
6.72667,-0.005
6.72833,-0.005
6.73,-0.003
6.73167,-0.001
6.73333,-0.001
6.735,-0.002
6.73667,-0.001
6.73833,-0.001
6.74,-0.001
6.74167,0
6.74333,-0.002
6.745,-0.002
6.74667,-0.001
6.74833,-0.002
6.75,-0.003
6.75167,-0.003
6.75333,-0.002
6.755,-0.001
6.75667,-0.001
6.75833,0
6.76,-0.001
6.76167,-0.002
6.76333,-0.002
6.765,-0.003
6.76667,-0.003
6.76833,-0.002
6.77,-0.002
6.77167,-0.003
6.77333,-0.003
6.775,-0.002
6.77667,-0.001
6.77833,0
6.78,0
6.78167,0
6.78333,0.001
6.785,0.001
6.78667,0.001
6.78833,0
6.79,0
6.79167,-0.001
6.79333,-0.002
6.795,0
6.79667,0
6.79833,0
6.8,0
6.80167,-0.001
6.80333,-0.001
6.805,0
6.80667,0.001
6.80833,-0.001
6.81,-0.003
6.81167,-0.003
6.81333,-0.002
6.815,-0.002
6.81667,0
6.81833,0
6.82,-0.002
6.82167,-0.002
6.82333,-0.003
6.825,-0.004
6.82667,-0.003
6.82833,-0.005
6.83,-0.004
6.83167,-0.004
6.83333,-0.003
6.835,-0.002
6.83667,-0.003
6.83833,-0.003
6.84,-0.003
6.84167,-0.003
6.84333,-0.003
6.845,-0.002
6.84667,-0.002
6.84833,-0.004
6.85,-0.004
6.85167,-0.005
6.85333,-0.004
6.855,-0.004
6.85667,-0.003
6.85833,-0.002
6.86,-0.002
6.86167,0
6.86333,-0.002
6.865,-0.001
6.86667,-0.001
6.86833,0
6.87,0.001
6.87167,0
6.87333,0
6.875,0
6.87667,-0.001
6.87833,-0.002
6.88,-0.002
6.88167,-0.003
6.88333,-0.002
6.885,0
6.88667,-0.002
6.88833,-0.001
6.89,-0.001
6.89167,-0.001
6.89333,-0.002
6.895,-0.003
6.89667,-0.002
6.89833,-0.001
6.9,0
6.90167,-0.002
6.90333,-0.003
6.905,-0.004
6.90667,-0.002
6.90833,-0.002
6.91,0
6.91167,0
6.91333,0.001
6.915,0
6.91667,0
6.91833,-0.003
6.92,-0.003
6.92167,-0.003
6.92333,-0.004
6.925,-0.004
6.92667,-0.004
6.92833,-0.004
6.93,-0.004
6.93167,-0.003
6.93333,-0.005
6.935,-0.006
6.93667,-0.005
6.93833,-0.005
6.94,-0.005
6.94167,-0.005
6.94333,-0.005
6.945,-0.005
6.94667,-0.003
6.94833,-0.002
6.95,-0.003
6.95167,-0.003
6.95333,-0.003
6.955,-0.002
6.95667,-0.002
6.95833,-0.001
6.96,0
6.96167,0.001
6.96333,0.001
6.965,0.001
6.96667,0.001
6.96833,0
6.97,0.001
6.97167,0
6.97333,0.001
6.975,0
6.97667,0
6.97833,0.001
6.98,0.001
6.98167,0.001
6.98333,0
6.985,0
6.98667,0.001
6.98833,0
6.99,0
6.99167,0
6.99333,-0.002
6.995,-0.004
6.99667,-0.004
6.99833,-0.003
7,-0.001
7.00167,0
7.00333,-0.002
7.005,-0.002
7.00667,-0.001
7.00833,-0.001
7.01,0
7.01167,0
7.01333,-0.001
7.015,-0.001
7.01667,-0.001
7.01833,0
7.02,-0.001
7.02167,-0.001
7.02333,-0.002
7.025,-0.001
7.02667,-0.001
7.02833,-0.002
7.03,-0.002
7.03167,-0.003
7.03333,-0.004
7.035,-0.004
7.03667,-0.005
7.03833,-0.006
7.04,-0.005
7.04167,-0.004
7.04333,-0.006
7.045,-0.003
7.04667,-0.004
7.04833,-0.004
7.05,-0.004
7.05167,-0.002
7.05333,-0.002
7.055,-0.003
7.05667,-0.002
7.05833,-0.002
7.06,-0.001
7.06167,-0.001
7.06333,0
7.065,0
7.06667,0
7.06833,-0.002
7.07,-0.004
7.07167,-0.006
7.07333,-0.005
7.075,-0.006
7.07667,-0.006
7.07833,-0.006
7.08,-0.004
7.08167,-0.005
7.08333,-0.005
7.085,-0.003
7.08667,-0.004
7.08833,-0.003
7.09,-0.002
7.09167,-0.003
7.09333,-0.005
7.095,-0.006
7.09667,-0.005
7.09833,-0.006
7.1,-0.005
7.10167,-0.005
7.10333,-0.003
7.105,-0.004
7.10667,-0.006
7.10833,-0.006
7.11,-0.006
7.11167,-0.008
7.11333,-0.008
7.115,-0.008
7.11667,-0.006
7.11833,-0.005
7.12,-0.004
7.12167,-0.003
7.12333,-0.003
7.125,-0.003
7.12667,-0.005
7.12833,-0.005
7.13,-0.005
7.13167,-0.004
7.13333,-0.003
7.135,-0.001
7.13667,-0.001
7.13833,-0.001
7.14,-0.002
7.14167,-0.002
7.14333,0
7.145,-0.001
7.14667,-0.001
7.14833,0
7.15,0
7.15167,-0.001
7.15333,-0.002
7.155,-0.003
7.15667,-0.003
7.15833,-0.003
7.16,-0.002
7.16167,-0.002
7.16333,0
7.165,-0.002
7.16667,-0.002
7.16833,-0.001
7.17,0
7.17167,-0.001
7.17333,-0.002
7.175,-0.003
7.17667,-0.002
7.17833,-0.001
7.18,0
7.18167,0
7.18333,-0.001
7.185,-0.003
7.18667,-0.004
7.18833,-0.005
7.19,-0.003
7.19167,-0.004
7.19333,-0.006
7.195,-0.006
7.19667,-0.007
7.19833,-0.006
7.2,-0.006
7.20167,-0.007
7.20333,-0.008
7.205,-0.008
7.20667,-0.006
7.20833,-0.006
7.21,-0.006
7.21167,-0.005
7.21333,-0.003
7.215,-0.003
7.21667,-0.004
7.21833,-0.002
7.22,-0.002
7.22167,-0.002
7.22333,0
7.225,0
7.22667,0
7.22833,0.001
7.23,0
7.23167,0
7.23333,0
7.235,0
7.23667,0
7.23833,0
7.24,-0.001
7.24167,0
7.24333,-0.001
7.245,-0.002
7.24667,-0.001
7.24833,-0.001
7.25,-0.001
7.25167,-0.002
7.25333,-0.002
7.255,-0.003
7.25667,-0.002
7.25833,-0.001
7.26,-0.001
7.26167,-0.001
7.26333,-0.001
7.265,-0.002
7.26667,-0.004
7.26833,-0.004
7.27,-0.004
7.27167,-0.003
7.27333,-0.004
7.275,-0.005
7.27667,-0.005
7.27833,-0.005
7.28,-0.005
7.28167,-0.004
7.28333,-0.004
7.285,-0.006
7.28667,-0.006
7.28833,-0.006
7.29,-0.007
7.29167,-0.006
7.29333,-0.006
7.295,-0.005
7.29667,-0.004
7.29833,-0.005
7.3,-0.006
7.30167,-0.003
7.30333,-0.002
7.305,-0.002
7.30667,-0.002
7.30833,-0.001
7.31,0
7.31167,-0.001
7.31333,-0.001
7.315,-0.004
7.31667,-0.004
7.31833,-0.004
7.32,-0.004
7.32167,-0.004
7.32333,-0.003
7.325,-0.004
7.32667,-0.004
7.32833,-0.002
7.33,-0.002
7.33167,-0.003
7.33333,-0.003
7.335,-0.001
7.33667,-0.001
7.33833,0
7.34,0
7.34167,0
7.34333,-0.001
7.345,-0.001
7.34667,0
7.34833,-0.003
7.35,-0.002
7.35167,-0.004
7.35333,-0.002
7.355,-0.002
7.35667,-0.002
7.35833,-0.002
7.36,-0.002
7.36167,-0.002
7.36333,-0.002
7.365,-0.002
7.36667,-0.001
7.36833,-0.001
7.37,0
7.37167,0
7.37333,0
7.375,0
7.37667,0
7.37833,-0.001
7.38,0
7.38167,-0.001
7.38333,-0.002
7.385,-0.002
7.38667,-0.003
7.38833,-0.005
7.39,-0.004
7.39167,-0.005
7.39333,-0.005
7.395,-0.005
7.39667,-0.006
7.39833,-0.006
7.4,-0.006
7.40167,-0.005
7.40333,-0.003
7.405,-0.005
7.40667,-0.005
7.40833,-0.005
7.41,-0.003
7.41167,-0.004
7.41333,-0.006
7.415,-0.007
7.41667,-0.006
7.41833,-0.005
7.42,-0.003
7.42167,-0.003
7.42333,-0.004
7.425,-0.005
7.42667,-0.003
7.42833,-0.004
7.43,-0.004
7.43167,-0.005
7.43333,-0.004
7.435,-0.003
7.43667,-0.002
7.43833,-0.002
7.44,-0.001
7.44167,0
7.44333,0
7.445,0.001
7.44667,0.001
7.44833,0.001
7.45,0.001
7.45167,0
7.45333,-0.001
7.455,-0.003
7.45667,-0.006
7.45833,-0.006
7.46,-0.006
7.46167,-0.005
7.46333,-0.003
7.465,-0.003
7.46667,-0.004
7.46833,-0.004
7.47,-0.005
7.47167,-0.005
7.47333,-0.003
7.475,-0.004
7.47667,-0.006
7.47833,-0.007
7.48,-0.005
7.48167,-0.005
7.48333,-0.006
7.485,-0.005
7.48667,-0.005
7.48833,-0.005
7.49,-0.004
7.49167,-0.003
7.49333,-0.002
7.495,-0.002
7.49667,-0.003
7.49833,-0.005
7.5,-0.006
7.50167,-0.006
7.50333,-0.005
7.505,-0.005
7.50667,-0.005
7.50833,-0.004
7.51,-0.005
7.51167,-0.005
7.51333,-0.006
7.515,-0.006
7.51667,-0.007
7.51833,-0.006
7.52,-0.005
7.52167,-0.006
7.52333,-0.007
7.525,-0.007
7.52667,-0.006
7.52833,-0.006
7.53,-0.005
7.53167,-0.004
7.53333,-0.005
7.535,-0.006
7.53667,-0.006
7.53833,-0.005
7.54,-0.006
7.54167,-0.005
7.54333,-0.003
7.545,-0.002
7.54667,-0.001
7.54833,-0.003
7.55,-0.004
7.55167,-0.003
7.55333,-0.002
7.555,-0.002
7.55667,-0.002
7.55833,-0.002
7.56,-0.003
7.56167,-0.002
7.56333,-0.002
7.565,-0.002
7.56667,-0.001
7.56833,-0.002
7.57,0
7.57167,0
7.57333,0
7.575,-0.001
7.57667,-0.001
7.57833,-0.003
7.58,-0.005
7.58167,-0.006
7.58333,-0.005
7.585,-0.006
7.58667,-0.006
7.58833,-0.005
7.59,-0.005
7.59167,-0.005
7.59333,-0.005
7.595,-0.003
7.59667,-0.002
7.59833,-0.002
7.6,-0.002
7.60167,-0.002
7.60333,-0.002
7.605,-0.002
7.60667,-0.002
7.60833,-0.002
7.61,-0.002
7.61167,-0.001
7.61333,-0.001
7.615,-0.001
7.61667,-0.003
7.61833,-0.002
7.62,-0.003
7.62167,-0.002
7.62333,-0.003
7.625,-0.003
7.62667,-0.001
7.62833,-0.002
7.63,-0.001
7.63167,-0.001
7.63333,-0.002
7.635,-0.005
7.63667,-0.005
7.63833,-0.004
7.64,-0.005
7.64167,-0.003
7.64333,-0.003
7.645,-0.003
7.64667,-0.004
7.64833,-0.003
7.65,-0.002
7.65167,-0.003
7.65333,-0.004
7.655,-0.002
7.65667,-0.004
7.65833,-0.005
7.66,-0.003
7.66167,-0.004
7.66333,-0.005
7.665,-0.005
7.66667,-0.005
7.66833,-0.004
7.67,-0.003
7.67167,-0.001
7.67333,-0.003
7.675,-0.003
7.67667,-0.002
7.67833,-0.005
7.68,-0.005
7.68167,-0.005
7.68333,-0.004
7.685,-0.002
7.68667,-0.003
7.68833,-0.003
7.69,-0.005
7.69167,-0.005
7.69333,-0.003
7.695,-0.003
7.69667,0
7.69833,0
7.7,-0.001
7.70167,-0.001
7.70333,0
7.705,0
7.70667,-0.001
7.70833,-0.002
7.71,-0.003
7.71167,-0.004
7.71333,-0.004
7.715,-0.005
7.71667,-0.005
7.71833,-0.004
7.72,-0.004
7.72167,-0.005
7.72333,-0.004
7.725,-0.003
7.72667,-0.001
7.72833,-0.001
7.73,0
7.73167,-0.001
7.73333,0
7.735,0
7.73667,-0.002
7.73833,-0.004
7.74,-0.003
7.74167,-0.002
7.74333,0
7.745,0.001
7.74667,0
7.74833,0
7.75,0.001
7.75167,0.002
7.75333,0.002
7.755,0.001
7.75667,0.001
7.75833,0
7.76,-0.001
7.76167,-0.001
7.76333,-0.001
7.765,-0.003
7.76667,-0.005
7.76833,-0.003
7.77,-0.004
7.77167,-0.003
7.77333,-0.003
7.775,-0.002
7.77667,-0.002
7.77833,-0.003
7.78,-0.004
7.78167,-0.004
7.78333,-0.005
7.785,-0.005
7.78667,-0.004
7.78833,-0.004
7.79,-0.004
7.79167,-0.005
7.79333,-0.002
7.795,-0.002
7.79667,-0.001
7.79833,0
7.8,0
7.80167,-0.001
7.80333,-0.004
7.805,-0.004
7.80667,-0.004
7.80833,-0.004
7.81,-0.004
7.81167,-0.004
7.81333,-0.005
7.815,-0.005
7.81667,-0.005
7.81833,-0.003
7.82,-0.003
7.82167,-0.003
7.82333,-0.003
7.825,-0.003
7.82667,-0.005
7.82833,-0.006
7.83,-0.005
7.83167,-0.004
7.83333,-0.003
7.835,-0.001
7.83667,0
7.83833,0
7.84,0
7.84167,0
7.84333,-0.001
7.845,-0.003
7.84667,-0.004
7.84833,-0.006
7.85,-0.006
7.85167,-0.003
7.85333,-0.002
7.855,-0.003
7.85667,-0.003
7.85833,-0.002
7.86,-0.003
7.86167,-0.004
7.86333,-0.003
7.865,-0.002
7.86667,-0.002
7.86833,0
7.87,0
7.87167,0
7.87333,-0.002
7.875,-0.003
7.87667,-0.005
7.87833,-0.005
7.88,-0.006
7.88167,-0.006
7.88333,-0.005
7.885,-0.004
7.88667,-0.003
7.88833,-0.004
7.89,-0.003
7.89167,-0.001
7.89333,-0.001
7.895,-0.002
7.89667,-0.003
7.89833,-0.005
7.9,-0.005
7.90167,-0.005
7.90333,-0.006
7.905,-0.006
7.90667,-0.006
7.90833,-0.006
7.91,-0.006
7.91167,-0.006
7.91333,-0.003
7.915,-0.003
7.91667,-0.002
7.91833,-0.002
7.92,-0.002
7.92167,-0.004
7.92333,-0.005
7.925,-0.003
7.92667,-0.002
7.92833,-0.002
7.93,-0.002
7.93167,-0.003
7.93333,-0.002
7.935,0
7.93667,0
7.93833,0.001
7.94,0.001
7.94167,0
7.94333,-0.001
7.945,-0.003
7.94667,-0.003
7.94833,-0.004
7.95,-0.004
7.95167,-0.004
7.95333,-0.003
7.955,-0.003
7.95667,-0.002
7.95833,-0.001
7.96,-0.003
7.96167,-0.002
7.96333,-0.003
7.965,-0.003
7.96667,-0.003
7.96833,0
7.97,0.001
7.97167,-0.001
7.97333,0
7.975,-0.002
7.97667,-0.002
7.97833,-0.001
7.98,-0.001
7.98167,-0.002
7.98333,0
7.985,-0.001
7.98667,-0.002
7.98833,-0.003
7.99,-0.002
7.99167,-0.002
7.99333,0
7.995,0
7.99667,0
7.99833,-0.001
8,-0.001
8.00167,0
8.00333,0
8.005,0
8.00667,0.001
8.00833,0.001
8.01,0.002
8.01167,0.001
8.01333,0
8.015,0
8.01667,0.001
8.01833,0.002
8.02,0.001
8.02167,0.001
8.02333,0.001
8.025,0.001
8.02667,0
8.02833,0
8.03,0
8.03167,-0.001
8.03333,0
8.035,0.001
8.03667,0.001
8.03833,0
8.04,0
8.04167,-0.002
8.04333,-0.005
8.045,-0.004
8.04667,-0.005
8.04833,-0.004
8.05,-0.002
8.05167,-0.002
8.05333,-0.002
8.055,-0.002
8.05667,-0.002
8.05833,-0.002
8.06,-0.002
8.06167,0
8.06333,0.002
8.065,0.001
8.06667,0
8.06833,-0.001
8.07,-0.001
8.07167,0
8.07333,-0.001
8.075,-0.001
8.07667,0
8.07833,0.001
8.08,0.002
8.08167,0
8.08333,0.002
8.085,0.002
8.08667,0.001
8.08833,0
8.09,0
8.09167,0
8.09333,0
8.095,-0.001
8.09667,-0.002
8.09833,-0.002
8.1,-0.002
8.10167,-0.001
8.10333,-0.001
8.105,-0.002
8.10667,-0.002
8.10833,-0.002
8.11,-0.002
8.11167,-0.002
8.11333,-0.003
8.115,-0.005
8.11667,-0.005
8.11833,-0.005
8.12,-0.005
8.12167,-0.004
8.12333,-0.003
8.125,-0.003
8.12667,-0.003
8.12833,-0.002
8.13,-0.002
8.13167,-0.002
8.13333,-0.002
8.135,-0.002
8.13667,-0.002
8.13833,-0.001
8.14,-0.001
8.14167,-0.002
8.14333,-0.001
8.145,-0.001
8.14667,-0.002
8.14833,-0.001
8.15,0
8.15167,-0.002
8.15333,-0.001
8.155,0
8.15667,0
8.15833,0
8.16,-0.001
8.16167,-0.002
8.16333,-0.001
8.165,0
8.16667,0
8.16833,0
8.17,0
8.17167,0
8.17333,-0.001
8.175,-0.001
8.17667,-0.001
8.17833,0
8.18,0.001
8.18167,0.001
8.18333,0.001
8.185,0
8.18667,-0.001
8.18833,-0.001
8.19,-0.002
8.19167,-0.003
8.19333,-0.004
8.195,-0.002
8.19667,-0.001
8.19833,0
8.2,0.001
8.20167,0.002
8.20333,0.002
8.205,0.001
8.20667,0
8.20833,0
8.21,-0.001
8.21167,-0.002
8.21333,-0.003
8.215,-0.002
8.21667,-0.001
8.21833,0
8.22,0.001
8.22167,0
8.22333,-0.001
8.225,0
8.22667,-0.001
8.22833,-0.002
8.23,-0.001
8.23167,-0.002
8.23333,-0.002
8.235,0
8.23667,-0.001
8.23833,-0.001
8.24,-0.002
8.24167,-0.003
8.24333,-0.004
8.245,-0.005
8.24667,-0.006
8.24833,-0.005
8.25,-0.005
8.25167,-0.002
8.25333,-0.001
8.255,-0.002
8.25667,-0.001
8.25833,-0.002
8.26,-0.001
8.26167,-0.001
8.26333,0
8.265,0
8.26667,-0.001
8.26833,-0.002
8.27,-0.002
8.27167,-0.002
8.27333,-0.001
8.275,0
8.27667,0.001
8.27833,0.002
8.28,0.003
8.28167,0.005
8.28333,0.004
8.285,0.002
8.28667,0
8.28833,0
8.29,-0.003
8.29167,-0.004
8.29333,-0.005
8.295,-0.005
8.29667,-0.006
8.29833,-0.005
8.3,-0.004
8.30167,-0.002
8.30333,-0.001
8.305,-0.001
8.30667,-0.002
8.30833,-0.003
8.31,-0.002
8.31167,-0.001
8.31333,-0.003
8.315,-0.004
8.31667,-0.006
8.31833,-0.007
8.32,-0.006
8.32167,-0.006
8.32333,-0.006
8.325,-0.005
8.32667,-0.003
8.32833,-0.002
8.33,-0.001
8.33167,-0.001
8.33333,-0.001
8.335,-0.002
8.33667,-0.001
8.33833,0
8.34,0
8.34167,0
8.34333,0.001
8.345,0.003
8.34667,0.004
8.34833,0.002
8.35,0.002
8.35167,0.002
8.35333,0.001
8.355,0
8.35667,0
8.35833,0
8.36,0
8.36167,0.001
8.36333,0.001
8.365,0.001
8.36667,0.001
8.36833,0
8.37,0
8.37167,0
8.37333,-0.002
8.375,-0.001
8.37667,-0.002
8.37833,-0.002
8.38,-0.003
8.38167,-0.003
8.38333,-0.001
8.385,-0.001
8.38667,-0.001
8.38833,-0.003
8.39,-0.005
8.39167,-0.006
8.39333,-0.005
8.395,-0.004
8.39667,-0.004
8.39833,-0.005
8.4,-0.006
8.40167,-0.006
8.40333,-0.005
8.405,-0.006
8.40667,-0.003
8.40833,-0.001
8.41,-0.002
8.41167,-0.002
8.41333,-0.001
8.415,0
8.41667,0
8.41833,0
8.42,0.001
8.42167,0
8.42333,0
8.425,0
8.42667,-0.001
8.42833,-0.002
8.43,-0.002
8.43167,-0.001
8.43333,-0.001
8.435,-0.001
8.43667,0
8.43833,-0.001
8.44,0
8.44167,0
8.44333,0
8.445,-0.001
8.44667,-0.001
8.44833,0
8.45,-0.001
8.45167,-0.001
8.45333,-0.001
8.455,0
8.45667,0
8.45833,0
8.46,0
8.46167,0
8.46333,-0.001
8.465,0
8.46667,0.001
8.46833,-0.001
8.47,0
8.47167,0
8.47333,0.001
8.475,0
8.47667,0
8.47833,-0.002
8.48,-0.002
8.48167,0
8.48333,-0.001
8.485,-0.001
8.48667,0
8.48833,0.001
8.49,0.003
8.49167,0.003
8.49333,0.003
8.495,0.003
8.49667,0.002
8.49833,0.004
8.5,0.004
8.50167,0.004
8.50333,0.004
8.505,0.002
8.50667,0
8.50833,0
8.51,0
8.51167,-0.002
8.51333,-0.003
8.515,-0.004
8.51667,-0.004
8.51833,-0.005
8.52,-0.004
8.52167,-0.005
8.52333,-0.004
8.525,-0.003
8.52667,-0.002
8.52833,-0.002
8.53,-0.002
8.53167,-0.001
8.53333,-0.002
8.535,-0.003
8.53667,-0.003
8.53833,-0.002
8.54,-0.001
8.54167,-0.002
8.54333,-0.001
8.545,0
8.54667,0
8.54833,-0.001
8.55,-0.002
8.55167,-0.003
8.55333,-0.003
8.555,-0.004
8.55667,-0.002
8.55833,-0.002
8.56,-0.002
8.56167,-0.003
8.56333,-0.004
8.565,-0.001
8.56667,0
8.56833,0.001
8.57,0.001
8.57167,0.001
8.57333,0.003
8.575,0.002
8.57667,0.004
8.57833,0.003
8.58,0.002
8.58167,0.002
8.58333,0.001
8.585,0.001
8.58667,0.003
8.58833,0.001
8.59,0.001
8.59167,0.002
8.59333,0.002
8.595,0.001
8.59667,0.001
8.59833,0
8.6,-0.001
8.60167,-0.002
8.60333,-0.002
8.605,-0.003
8.60667,-0.001
8.60833,0
8.61,0
8.61167,0
8.61333,0.002
8.615,0.002
8.61667,0.001
8.61833,0
8.62,0
8.62167,0
8.62333,0
8.625,-0.002
8.62667,-0.002
8.62833,-0.001
8.63,-0.002
8.63167,-0.002
8.63333,-0.002
8.635,-0.005
8.63667,-0.005
8.63833,-0.005
8.64,-0.005
8.64167,-0.005
8.64333,-0.003
8.645,-0.004
8.64667,-0.003
8.64833,-0.004
8.65,-0.004
8.65167,-0.003
8.65333,-0.004
8.655,-0.005
8.65667,-0.006
8.65833,-0.006
8.66,-0.005
8.66167,-0.003
8.66333,-0.002
8.665,-0.002
8.66667,-0.003
8.66833,-0.003
8.67,-0.001
8.67167,-0.001
8.67333,-0.003
8.675,-0.003
8.67667,-0.002
8.67833,-0.001
8.68,-0.002
8.68167,-0.001
8.68333,-0.001
8.685,-0.002
8.68667,-0.002
8.68833,-0.002
8.69,0
8.69167,0
8.69333,0
8.695,0
8.69667,0
8.69833,0
8.7,0
8.70167,-0.001
8.70333,-0.001
8.705,-0.002
8.70667,-0.002
8.70833,-0.002
8.71,-0.001
8.71167,0
8.71333,0
8.715,-0.002
8.71667,-0.002
8.71833,-0.002
8.72,-0.002
8.72167,-0.001
8.72333,-0.001
8.725,-0.002
8.72667,-0.002
8.72833,-0.002
8.73,-0.001
8.73167,0
8.73333,-0.002
8.735,-0.001
8.73667,-0.002
8.73833,-0.002
8.74,-0.002
8.74167,-0.002
8.74333,-0.001
8.745,0
8.74667,-0.001
8.74833,-0.002
8.75,-0.002
8.75167,-0.002
8.75333,0
8.755,0.001
8.75667,0.002
8.75833,0.002
8.76,0.003
8.76167,0.003
8.76333,0.004
8.765,0.005
8.76667,0.005
8.76833,0.004
8.77,0.005
8.77167,0.004
8.77333,0.004
8.775,0.004
8.77667,0.002
8.77833,0
8.78,0
8.78167,-0.001
8.78333,-0.002
8.785,-0.005
8.78667,-0.004
8.78833,-0.003
8.79,-0.004
8.79167,-0.004
8.79333,-0.002
8.795,-0.003
8.79667,-0.001
8.79833,0
8.8,0
8.80167,0
8.80333,0
8.805,0
8.80667,0
8.80833,0
8.81,0.001
8.81167,0
8.81333,0
8.815,0
8.81667,0
8.81833,0
8.82,0
8.82167,0
8.82333,0
8.825,0
8.82667,0
8.82833,0
8.83,0
8.83167,0
8.83333,0
8.835,0
8.83667,0
8.83833,-0.002
8.84,-0.003
8.84167,-0.001
8.84333,-0.001
8.845,0
8.84667,0
8.84833,0
8.85,-0.002
8.85167,-0.002
8.85333,-0.001
8.855,-0.001
8.85667,-0.001
8.85833,-0.001
8.86,0
8.86167,0
8.86333,0
8.865,0
8.86667,0.001
8.86833,0
8.87,0
8.87167,0.001
8.87333,0.001
8.875,0.002
8.87667,0.001
8.87833,0.001
8.88,0
8.88167,0.001
8.88333,0.001
8.885,0.001
8.88667,0.002
8.88833,0.003
8.89,0.003
8.89167,0.002
8.89333,0.001
8.895,0
8.89667,0
8.89833,0
8.9,0
8.90167,0.001
8.90333,0
8.905,0.001
8.90667,0.001
8.90833,0.001
8.91,0
8.91167,0
8.91333,-0.002
8.915,-0.001
8.91667,0
8.91833,0
8.92,0
8.92167,0
8.92333,0.001
8.925,0.003
8.92667,0.002
8.92833,0.001
8.93,0.001
8.93167,0
8.93333,-0.001
8.935,-0.002
8.93667,-0.001
8.93833,0
8.94,0
8.94167,0
8.94333,0
8.945,0
8.94667,0
8.94833,0
8.95,0
8.95167,0
8.95333,-0.001
8.955,-0.001
8.95667,-0.001
8.95833,-0.001
8.96,0
8.96167,0.001
8.96333,0.001
8.965,0
8.96667,0.001
8.96833,0
8.97,0
8.97167,0.001
8.97333,0
8.975,0
8.97667,0
8.97833,0
8.98,0.001
8.98167,0.001
8.98333,0.001
8.985,0.001
8.98667,0
8.98833,-0.001
8.99,-0.002
8.99167,-0.001
8.99333,-0.001
8.995,-0.002
8.99667,-0.003
8.99833,-0.003
9,-0.002
9.00167,-0.001
9.00333,-0.002
9.005,-0.004
9.00667,-0.005
9.00833,-0.003
9.01,-0.003
9.01167,-0.004
9.01333,-0.004
9.015,-0.003
9.01667,-0.003
9.01833,-0.002
9.02,-0.004
9.02167,-0.003
9.02333,-0.001
9.025,-0.001
9.02667,-0.002
9.02833,-0.003
9.03,-0.003
9.03167,-0.002
9.03333,-0.001
9.035,-0.001
9.03667,0
9.03833,0.001
9.04,0.001
9.04167,0.001
9.04333,0.001
9.045,0
9.04667,0
9.04833,0
9.05,0.001
9.05167,0.001
9.05333,0.001
9.055,0.001
9.05667,0.001
9.05833,0.002
9.06,0.002
9.06167,0.001
9.06333,0
9.065,0
9.06667,0
9.06833,0
9.07,0
9.07167,0
9.07333,0
9.075,0.001
9.07667,0.001
9.07833,0
9.08,0
9.08167,0
9.08333,0.001
9.085,0
9.08667,0
9.08833,0
9.09,0
9.09167,0
9.09333,0
9.095,-0.002
9.09667,-0.002
9.09833,-0.001
9.1,-0.001
9.10167,-0.002
9.10333,-0.002
9.105,-0.003
9.10667,-0.003
9.10833,-0.002
9.11,-0.002
9.11167,-0.001
9.11333,0
9.115,0.001
9.11667,0.001
9.11833,0.001
9.12,0.001
9.12167,0
9.12333,0
9.125,-0.002
9.12667,-0.001
9.12833,-0.002
9.13,-0.003
9.13167,-0.002
9.13333,-0.001
9.135,-0.001
9.13667,-0.001
9.13833,0
9.14,-0.001
9.14167,-0.002
9.14333,-0.001
9.145,-0.001
9.14667,0
9.14833,0
9.15,0
9.15167,0
9.15333,0
9.155,0
9.15667,0
9.15833,0
9.16,0
9.16167,0
9.16333,0
9.165,-0.002
9.16667,-0.003
9.16833,0
9.17,0
9.17167,0
9.17333,-0.002
9.175,-0.003
9.17667,-0.002
9.17833,-0.001
9.18,0
9.18167,0
9.18333,0.002
9.185,0.003
9.18667,0.003
9.18833,0.002
9.19,0.001
9.19167,0.001
9.19333,0.002
9.195,0.001
9.19667,0.001
9.19833,0.001
9.2,0.001
9.20167,0
9.20333,0
9.205,-0.002
9.20667,-0.002
9.20833,-0.002
9.21,-0.001
9.21167,0
9.21333,0
9.215,0
9.21667,0
9.21833,0
9.22,0.001
9.22167,0
9.22333,0
9.225,0.001
9.22667,0.001
9.22833,0
9.23,0
9.23167,0
9.23333,0
9.235,-0.001
9.23667,-0.004
9.23833,-0.003
9.24,0
9.24167,0.003
9.24333,0.004
9.245,0.005
9.24667,0.005
9.24833,0.005
9.25,0.004
9.25167,0.006
9.25333,0.004
9.255,0.002
9.25667,0.001
9.25833,0.001
9.26,0.002
9.26167,0.001
9.26333,0.001
9.265,0.003
9.26667,0.005
9.26833,0.002
9.27,0.003
9.27167,0.002
9.27333,0.003
9.275,0.003
9.27667,0.002
9.27833,0.002
9.28,0.001
9.28167,0.002
9.28333,0.002
9.285,0.001
9.28667,0.003
9.28833,0.002
9.29,0.001
9.29167,0
9.29333,0.001
9.295,0.001
9.29667,-0.001
9.29833,-0.001
9.3,-0.001
9.30167,-0.001
9.30333,-0.002
9.305,-0.001
9.30667,-0.001
9.30833,0
9.31,-0.001
9.31167,-0.002
9.31333,0
9.315,0
9.31667,-0.001
9.31833,0
9.32,0
9.32167,-0.001
9.32333,-0.001
9.325,-0.002
9.32667,-0.002
9.32833,-0.002
9.33,-0.002
9.33167,-0.003
9.33333,-0.003
9.335,-0.001
9.33667,-0.002
9.33833,-0.002
9.34,-0.003
9.34167,-0.002
9.34333,-0.002
9.345,-0.001
9.34667,0
9.34833,0
9.35,0
9.35167,-0.001
9.35333,-0.001
9.355,0
9.35667,-0.001
9.35833,0
9.36,0.001
9.36167,0.004
9.36333,0.003
9.365,0.003
9.36667,0.001
9.36833,0
9.37,0
9.37167,0
9.37333,0
9.375,0
9.37667,0
9.37833,0
9.38,0
9.38167,0
9.38333,0
9.385,0
9.38667,-0.001
9.38833,-0.003
9.39,-0.003
9.39167,-0.002
9.39333,-0.002
9.395,-0.003
9.39667,-0.003
9.39833,-0.001
9.4,0.001
9.40167,0.001
9.40333,0
9.405,0.001
9.40667,0.001
9.40833,0
9.41,-0.002
9.41167,-0.004
9.41333,-0.003
9.415,-0.003
9.41667,-0.003
9.41833,-0.004
9.42,-0.004
9.42167,-0.004
9.42333,-0.002
9.425,-0.002
9.42667,-0.001
9.42833,-0.001
9.43,0
9.43167,0
9.43333,0
9.435,0
9.43667,0
9.43833,0.003
9.44,0.002
9.44167,0.001
9.44333,0
9.445,0
9.44667,0
9.44833,0
9.45,0
9.45167,0
9.45333,0.001
9.455,0
9.45667,0.001
9.45833,0.002
9.46,0.002
9.46167,0.002
9.46333,0.001
9.465,0
9.46667,0
9.46833,0.002
9.47,0.002
9.47167,0
9.47333,0
9.475,0
9.47667,-0.001
9.47833,-0.001
9.48,-0.002
9.48167,-0.003
9.48333,-0.003
9.485,-0.004
9.48667,-0.002
9.48833,0
9.49,0
9.49167,0
9.49333,-0.001
9.495,0
9.49667,0.001
9.49833,0.003
9.5,0.002
9.50167,0.003
9.50333,0.002
9.505,0.003
9.50667,0.003
9.50833,0.001
9.51,0
9.51167,0
9.51333,-0.001
9.515,-0.002
9.51667,-0.003
9.51833,-0.002
9.52,-0.003
9.52167,-0.003
9.52333,-0.001
9.525,0
9.52667,-0.001
9.52833,-0.001
9.53,-0.001
9.53167,0
9.53333,0
9.535,0.001
9.53667,0.001
9.53833,0.001
9.54,0
9.54167,0
9.54333,0
9.545,0
9.54667,0
9.54833,0
9.55,-0.001
9.55167,-0.001
9.55333,0
9.555,0
9.55667,0
9.55833,-0.001
9.56,0
9.56167,0
9.56333,0
9.565,0
9.56667,-0.001
9.56833,0
9.57,0.002
9.57167,0
9.57333,0
9.575,-0.001
9.57667,0
9.57833,-0.001
9.58,0
9.58167,0
9.58333,-0.002
9.585,-0.003
9.58667,-0.003
9.58833,-0.003
9.59,-0.002
9.59167,0
9.59333,0
9.595,0
9.59667,-0.001
9.59833,0
9.6,0
9.60167,0
9.60333,0
9.605,0.001
9.60667,0.005
9.60833,0.007
9.61,0.006
9.61167,0.005
9.61333,0.005
9.615,0.006
9.61667,0.005
9.61833,0.004
9.62,0.003
9.62167,0.002
9.62333,0.004
9.625,0.004
9.62667,0.001
9.62833,0
9.63,-0.001
9.63167,0
9.63333,0
9.635,0.002
9.63667,0.002
9.63833,0.001
9.64,0
9.64167,0
9.64333,0
9.645,0
9.64667,-0.001
9.64833,-0.002
9.65,0
9.65167,-0.001
9.65333,-0.001
9.655,-0.001
9.65667,0
9.65833,0
9.66,0
9.66167,0
9.66333,0.001
9.665,0
9.66667,0.001
9.66833,0
9.67,0
9.67167,0
9.67333,-0.001
9.675,-0.001
9.67667,-0.001
9.67833,0
9.68,0.001
9.68167,0.001
9.68333,0
9.685,0.001
9.68667,0.001
9.68833,0.001
9.69,0.001
9.69167,0.001
9.69333,0.003
9.695,0.002
9.69667,0.001
9.69833,0
9.7,0.001
9.70167,0.001
9.70333,0
9.705,0.001
9.70667,0.003
9.70833,0.004
9.71,0.003
9.71167,0.003
9.71333,0.004
9.715,0.004
9.71667,0.004
9.71833,0.005
9.72,0.006
9.72167,0.004
9.72333,0.003
9.725,0.001
9.72667,0
9.72833,0
9.73,0.003
9.73167,0.002
9.73333,0.002
9.735,0.001
9.73667,0.001
9.73833,0.002
9.74,0.001
9.74167,0.001
9.74333,0.001
9.745,0
9.74667,0.001
9.74833,0.003
9.75,0.003
9.75167,0.002
9.75333,0.001
9.755,0.003
9.75667,0.003
9.75833,0.001
9.76,0.001
9.76167,0
9.76333,-0.001
9.765,0
9.76667,0
9.76833,0
9.77,0.003
9.77167,0.005
9.77333,0.005
9.775,0.004
9.77667,0.006
9.77833,0.005
9.78,0.003
9.78167,0.001
9.78333,0
9.785,0.001
9.78667,0.002
9.78833,0.001
9.79,0.001
9.79167,0
9.79333,0
9.795,0
9.79667,0
9.79833,0
9.8,0.002
9.80167,0.001
9.80333,0
9.805,0
9.80667,0
9.80833,0.001
9.81,0.001
9.81167,0
9.81333,0
9.815,0.001
9.81667,0.001
9.81833,0
9.82,0
9.82167,0
9.82333,0
9.825,0
9.82667,0
9.82833,0
9.83,0.001
9.83167,0
9.83333,0
9.835,-0.001
9.83667,0
9.83833,0
9.84,0
9.84167,0
9.84333,-0.001
9.845,0
9.84667,-0.001
9.84833,-0.001
9.85,0
9.85167,0
9.85333,0
9.855,0
9.85667,-0.001
9.85833,0
9.86,0
9.86167,0.001
9.86333,0.001
9.865,0.003
9.86667,0.003
9.86833,0.002
9.87,0.001
9.87167,0.003
9.87333,0.004
9.875,0.003
9.87667,0.001
9.87833,0.002
9.88,0.002
9.88167,0.001
9.88333,0.001
9.885,0.002
9.88667,0.003
9.88833,0.003
9.89,0.004
9.89167,0.004
9.89333,0.004
9.895,0.003
9.89667,0.003
9.89833,0.001
9.9,0
9.90167,0
9.90333,-0.001
9.905,0
9.90667,0
9.90833,0
9.91,0.001
9.91167,0.002
9.91333,0.002
9.915,0.002
9.91667,0.002
9.91833,0.002
9.92,0.001
9.92167,0.002
9.92333,0.003
9.925,0.004
9.92667,0.004
9.92833,0.003
9.93,0.003
9.93167,0.003
9.93333,0.003
9.935,0
9.93667,0
9.93833,0
9.94,0
9.94167,-0.001
9.94333,-0.001
9.945,0
9.94667,0
9.94833,0
9.95,0.001
9.95167,0.001
9.95333,0.002
9.955,0.001
9.95667,0
9.95833,0.001
9.96,0.001
9.96167,0.003
9.96333,0.002
9.965,0.003
9.96667,0.005
9.96833,0.005
9.97,0.004
9.97167,0.004
9.97333,0.004
9.975,0.004
9.97667,0.005
9.97833,0.004
9.98,0.004
9.98167,0.003
9.98333,0.003
9.985,0.003
9.98667,0.002
9.98833,0.002
9.99,0.003
9.99167,0.004
9.99333,0.007
9.995,0.007
9.99667,0.007
9.99833,0.006
10,0.006
10.00167,0.004
10.00333,0.003
10.005,0.004
10.00667,0.004
10.00833,0.004
10.01,0.004
10.01167,0.004
10.01333,0.004
10.015,0.004
10.01667,0.004
10.01833,0.002
10.02,0.003
10.02167,0.002
10.02333,0.003
10.025,0.005
10.02667,0.006
10.02833,0.007
10.03,0.005
10.03167,0.005
10.03333,0.005
10.035,0.005
10.03667,0.005
10.03833,0.005
10.04,0.005
10.04167,0.006
10.04333,0.003
10.045,0.001
10.04667,0
10.04833,0.001
10.05,0.001
10.05167,0.003
10.05333,0.003
10.055,0.004
10.05667,0.004
10.05833,0.004
10.06,0.005
10.06167,0.005
10.06333,0.007
10.065,0.006
10.06667,0.005
10.06833,0.007
10.07,0.004
10.07167,0.004
10.07333,0.004
10.075,0.005
10.07667,0.005
10.07833,0.005
10.08,0.003
10.08167,0.002
10.08333,0.002
10.085,0.001
10.08667,0.002
10.08833,0.003
10.09,0.005
10.09167,0.005
10.09333,0.007
10.095,0.008
10.09667,0.009
10.09833,0.008
10.1,0.008
10.10167,0.007
10.10333,0.005
10.105,0.006
10.10667,0.006
10.10833,0.006
10.11,0.007
10.11167,0.007
10.11333,0.008
10.115,0.008
10.11667,0.008
10.11833,0.006
10.12,0.005
10.12167,0.004
10.12333,0.004
10.125,0.004
10.12667,0.005
10.12833,0.006
10.13,0.006
10.13167,0.006
10.13333,0.006
10.135,0.007
10.13667,0.007
10.13833,0.008
10.14,0.008
10.14167,0.007
10.14333,0.008
10.145,0.008
10.14667,0.01
10.14833,0.011
10.15,0.011
10.15167,0.012
10.15333,0.011
10.155,0.009
10.15667,0.008
10.15833,0.009
10.16,0.008
10.16167,0.009
10.16333,0.009
10.165,0.01
10.16667,0.009
10.16833,0.009
10.17,0.01
10.17167,0.01
10.17333,0.01
10.175,0.01
10.17667,0.009
10.17833,0.011
10.18,0.012
10.18167,0.013
10.18333,0.014
10.185,0.014
10.18667,0.014
10.18833,0.012
10.19,0.011
10.19167,0.01
10.19333,0.008
10.195,0.007
10.19667,0.008
10.19833,0.009
10.2,0.01
10.20167,0.013
10.20333,0.012
10.205,0.014
10.20667,0.012
10.20833,0.011
10.21,0.01
10.21167,0.01
10.21333,0.01
10.215,0.01
10.21667,0.009
10.21833,0.01
10.22,0.011
10.22167,0.011
10.22333,0.012
10.225,0.014
10.22667,0.013
10.22833,0.014
10.23,0.014
10.23167,0.014
10.23333,0.014
10.235,0.015
10.23667,0.017
10.23833,0.018
10.24,0.018
10.24167,0.017
10.24333,0.017
10.245,0.017
10.24667,0.016
10.24833,0.017
10.25,0.018
10.25167,0.018
10.25333,0.018
10.255,0.018
10.25667,0.017
10.25833,0.018
10.26,0.017
10.26167,0.018
10.26333,0.021
10.265,0.021
10.26667,0.022
10.26833,0.023
10.27,0.023
10.27167,0.023
10.27333,0.024
10.275,0.024
10.27667,0.023
10.27833,0.023
10.28,0.023
10.28167,0.025
10.28333,0.025
10.285,0.024
10.28667,0.024
10.28833,0.023
10.29,0.023
10.29167,0.021
10.29333,0.022
10.295,0.02
10.29667,0.022
10.29833,0.024
10.3,0.024
10.30167,0.025
10.30333,0.024
10.305,0.024
10.30667,0.023
10.30833,0.021
10.31,0.02
10.31167,0.021
10.31333,0.023
10.315,0.025
10.31667,0.027
10.31833,0.027
10.32,0.027
10.32167,0.03
10.32333,0.031
10.325,0.031
10.32667,0.031
10.32833,0.031
10.33,0.033
10.33167,0.035
10.33333,0.036
10.335,0.034
10.33667,0.033
10.33833,0.032
10.34,0.036
10.34167,0.038
10.34333,0.038
10.345,0.038
10.34667,0.038
10.34833,0.039
10.35,0.039
10.35167,0.042
10.35333,0.043
10.355,0.042
10.35667,0.041
10.35833,0.041
10.36,0.04
10.36167,0.04
10.36333,0.04
10.365,0.04
10.36667,0.041
10.36833,0.039
10.37,0.04
10.37167,0.041
10.37333,0.043
10.375,0.043
10.37667,0.045
10.37833,0.046
10.38,0.048
10.38167,0.048
10.38333,0.05
10.385,0.05
10.38667,0.049
10.38833,0.049
10.39,0.049
10.39167,0.051
10.39333,0.052
10.395,0.052
10.39667,0.052
10.39833,0.052
10.4,0.053
10.40167,0.053
10.40333,0.052
10.405,0.052
10.40667,0.052
10.40833,0.054
10.41,0.056
10.41167,0.055
10.41333,0.055
10.415,0.056
10.41667,0.055
10.41833,0.055
10.42,0.055
10.42167,0.055
10.42333,0.058
10.425,0.06
10.42667,0.06
10.42833,0.061
10.43,0.063
10.43167,0.063
10.43333,0.063
10.435,0.063
10.43667,0.063
10.43833,0.064
10.44,0.065
10.44167,0.066
10.44333,0.068
10.445,0.069
10.44667,0.069
10.44833,0.071
10.45,0.073
10.45167,0.077
10.45333,0.077
10.455,0.077
10.45667,0.077
10.45833,0.075
10.46,0.076
10.46167,0.076
10.46333,0.077
10.465,0.078
10.46667,0.078
10.46833,0.081
10.47,0.083
10.47167,0.083
10.47333,0.083
10.475,0.083
10.47667,0.086
10.47833,0.086
10.48,0.087
10.48167,0.089
10.48333,0.09
10.485,0.093
10.48667,0.093
10.48833,0.095
10.49,0.097
10.49167,0.098
10.49333,0.099
10.495,0.101
10.49667,0.102
10.49833,0.102
10.5,0.101
10.50167,0.102
10.50333,0.104
10.505,0.105
10.50667,0.105
10.50833,0.107
10.51,0.107
10.51167,0.108
10.51333,0.111
10.515,0.113
10.51667,0.114
10.51833,0.117
10.52,0.117
10.52167,0.119
10.52333,0.12
10.525,0.122
10.52667,0.124
10.52833,0.124
10.53,0.124
10.53167,0.127
10.53333,0.129
10.535,0.131
10.53667,0.131
10.53833,0.132
10.54,0.134
10.54167,0.138
10.54333,0.142
10.545,0.143
10.54667,0.145
10.54833,0.146
10.55,0.147
10.55167,0.146
10.55333,0.148
10.555,0.149
10.55667,0.152
10.55833,0.154
10.56,0.156
10.56167,0.159
10.56333,0.16
10.565,0.162
10.56667,0.165
10.56833,0.168
10.57,0.17
10.57167,0.172
10.57333,0.172
10.575,0.177
10.57667,0.181
10.57833,0.182
10.58,0.184
10.58167,0.187
10.58333,0.187
10.585,0.19
10.58667,0.191
10.58833,0.193
10.59,0.197
10.59167,0.198
10.59333,0.201
10.595,0.205
10.59667,0.21
10.59833,0.213
10.6,0.217
10.60167,0.222
10.60333,0.226
10.605,0.228
10.60667,0.23
10.60833,0.235
10.61,0.24
10.61167,0.243
10.61333,0.248
10.615,0.252
10.61667,0.254
10.61833,0.26
10.62,0.263
10.62167,0.267
10.62333,0.273
10.625,0.278
10.62667,0.284
10.62833,0.289
10.63,0.295
10.63167,0.302
10.63333,0.305
10.635,0.311
10.63667,0.316
10.63833,0.32
10.64,0.324
10.64167,0.329
10.64333,0.337
10.645,0.342
10.64667,0.347
10.64833,0.352
10.65,0.355
10.65167,0.364
10.65333,0.369
10.655,0.377
10.65667,0.384
10.65833,0.388
10.66,0.395
10.66167,0.403
10.66333,0.413
10.665,0.422
10.66667,0.429
10.66833,0.44
10.67,0.449
10.67167,0.455
10.67333,0.461
10.675,0.466
10.67667,0.481
10.67833,0.489
10.68,0.499
10.68167,0.506
10.68333,0.514
10.685,0.526
10.68667,0.534
10.68833,0.544
10.69,0.554
10.69167,0.561
10.69333,0.575
10.695,0.585
10.69667,0.596
10.69833,0.607
10.7,0.615
10.70167,0.627
10.70333,0.639
10.705,0.651
10.70667,0.661
10.70833,0.671
10.71,0.688
10.71167,0.7
10.71333,0.713
10.715,0.727
10.71667,0.736
10.71833,0.75
10.72,0.763
10.72167,0.776
10.72333,0.789
10.725,0.801
10.72667,0.818
10.72833,0.832
10.73,0.847
10.73167,0.863
10.73333,0.873
10.735,0.894
10.73667,0.91
10.73833,0.927
10.74,0.943
10.74167,0.955
10.74333,0.977
10.745,0.994
10.74667,1.009
10.74833,1.025
10.75,1.035
10.75167,1.056
10.75333,1.075
10.755,1.093
10.75667,1.112
10.75833,1.125
10.76,1.148
10.76167,1.169
10.76333,1.189
10.765,1.208
10.76667,1.224
10.76833,1.25
10.77,1.272
10.77167,1.292
10.77333,1.315
10.775,1.333
10.77667,1.358
10.77833,1.38
10.78,1.401
10.78167,1.422
10.78333,1.437
10.785,1.466
10.78667,1.489
10.78833,1.511
10.79,1.533
10.79167,1.55
10.79333,1.578
10.795,1.602
10.79667,1.627
10.79833,1.651
10.8,1.671
10.80167,1.701
10.80333,1.725
10.805,1.75
10.80667,1.775
10.80833,1.795
10.81,1.826
10.81167,1.852
10.81333,1.877
10.815,1.903
10.81667,1.924
10.81833,1.954
10.82,1.98
10.82167,2.008
10.82333,2.035
10.825,2.058
10.82667,2.093
10.82833,2.12
10.83,2.147
10.83167,2.175
10.83333,2.197
10.835,2.23
10.83667,2.257
10.83833,2.286
10.84,2.315
10.84167,2.339
10.84333,2.374
10.845,2.403
10.84667,2.43
10.84833,2.457
10.85,2.477
10.85167,2.516
10.85333,2.545
10.855,2.575
10.85667,2.603
10.85833,2.622
10.86,2.659
10.86167,2.691
10.86333,2.721
10.865,2.75
10.86667,2.773
10.86833,2.81
10.87,2.841
10.87167,2.872
10.87333,2.902
10.875,2.922
10.87667,2.963
10.87833,2.992
10.88,3.023
10.88167,3.054
10.88333,3.075
10.885,3.116
10.88667,3.148
10.88833,3.177
10.89,3.208
10.89167,3.231
10.89333,3.269
10.895,3.3
10.89667,3.332
10.89833,3.365
10.9,3.387
10.90167,3.425
10.90333,3.456
10.905,3.486
10.90667,3.516
10.90833,3.538
10.91,3.576
10.91167,3.604
10.91333,3.634
10.915,3.663
10.91667,3.683
10.91833,3.723
10.92,3.751
10.92167,3.781
10.92333,3.812
10.925,3.835
10.92667,3.869
10.92833,3.897
10.93,3.925
10.93167,3.954
10.93333,3.974
10.935,4.011
10.93667,4.037
10.93833,4.067
10.94,4.096
10.94167,4.115
10.94333,4.151
10.945,4.178
10.94667,4.205
10.94833,4.232
10.95,4.252
10.95167,4.284
10.95333,4.311
10.955,4.336
10.95667,4.362
10.95833,4.379
10.96,4.412
10.96167,4.438
10.96333,4.463
10.965,4.487
10.96667,4.504
10.96833,4.535
10.97,4.559
10.97167,4.583
10.97333,4.606
10.975,4.621
10.97667,4.65
10.97833,4.671
10.98,4.693
10.98167,4.716
10.98333,4.733
10.985,4.757
10.98667,4.78
10.98833,4.8
10.99,4.822
10.99167,4.835
10.99333,4.858
10.995,4.878
10.99667,4.897
10.99833,4.913
11,4.925
11.00167,4.945
11.00333,4.965
11.005,4.983
11.00667,4.998
11.00833,5.008
11.01,5.029
11.01167,5.045
11.01333,5.062
11.015,5.078
11.01667,5.088
11.01833,5.105
11.02,5.118
11.02167,5.132
11.02333,5.145
11.025,5.155
11.02667,5.171
11.02833,5.183
11.03,5.196
11.03167,5.208
11.03333,5.217
11.035,5.23
11.03667,5.239
11.03833,5.247
11.04,5.257
11.04167,5.266
11.04333,5.274
11.045,5.282
11.04667,5.289
11.04833,5.296
11.05,5.299
11.05167,5.308
11.05333,5.314
11.055,5.32
11.05667,5.324
11.05833,5.329
11.06,5.335
11.06167,5.339
11.06333,5.344
11.065,5.347
11.06667,5.349
11.06833,5.351
11.07,5.354
11.07167,5.356
11.07333,5.359
11.075,5.359
11.07667,5.361
11.07833,5.361
11.08,5.363
11.08167,5.364
11.08333,5.364
11.085,5.361
11.08667,5.359
11.08833,5.359
11.09,5.357
11.09167,5.356
11.09333,5.354
11.095,5.351
11.09667,5.349
11.09833,5.345
11.1,5.342
11.10167,5.337
11.10333,5.332
11.105,5.326
11.10667,5.32
11.10833,5.314
11.11,5.309
11.11167,5.302
11.11333,5.295
11.115,5.289
11.11667,5.283
11.11833,5.273
11.12,5.263
11.12167,5.256
11.12333,5.248
11.125,5.242
11.12667,5.234
11.12833,5.224
11.13,5.215
11.13167,5.206
11.13333,5.197
11.135,5.184
11.13667,5.173
11.13833,5.161
11.14,5.148
11.14167,5.138
11.14333,5.124
11.145,5.112
11.14667,5.102
11.14833,5.089
11.15,5.078
11.15167,5.063
11.15333,5.049
11.155,5.035
11.15667,5.022
11.15833,5.011
11.16,4.995
11.16167,4.982
11.16333,4.967
11.165,4.951
11.16667,4.939
11.16833,4.92
11.17,4.904
11.17167,4.886
11.17333,4.872
11.175,4.86
11.17667,4.842
11.17833,4.826
11.18,4.81
11.18167,4.794
11.18333,4.78
11.185,4.758
11.18667,4.74
11.18833,4.722
11.19,4.705
11.19167,4.692
11.19333,4.671
11.195,4.654
11.19667,4.636
11.19833,4.618
11.2,4.605
11.20167,4.582
11.20333,4.562
11.205,4.545
11.20667,4.526
11.20833,4.51
11.21,4.489
11.21167,4.469
11.21333,4.449
11.215,4.43
11.21667,4.415
11.21833,4.392
11.22,4.372
11.22167,4.352
11.22333,4.332
11.225,4.315
11.22667,4.292
11.22833,4.272
11.23,4.253
11.23167,4.234
11.23333,4.218
11.235,4.192
11.23667,4.172
11.23833,4.152
11.24,4.131
11.24167,4.115
11.24333,4.09
11.245,4.07
11.24667,4.049
11.24833,4.028
11.25,4.014
11.25167,3.991
11.25333,3.97
11.255,3.95
11.25667,3.928
11.25833,3.91
11.26,3.886
11.26167,3.863
11.26333,3.842
11.265,3.821
11.26667,3.804
11.26833,3.779
11.27,3.758
11.27167,3.737
11.27333,3.715
11.275,3.697
11.27667,3.671
11.27833,3.649
11.28,3.628
11.28167,3.61
11.28333,3.595
11.285,3.573
11.28667,3.551
11.28833,3.529
11.29,3.509
11.29167,3.495
11.29333,3.467
11.295,3.447
11.29667,3.425
11.29833,3.403
11.3,3.387
11.30167,3.364
11.30333,3.344
11.305,3.324
11.30667,3.303
11.30833,3.287
11.31,3.262
11.31167,3.244
11.31333,3.225
11.315,3.208
11.31667,3.191
11.31833,3.168
11.32,3.148
11.32167,3.128
11.32333,3.108
11.325,3.093
11.32667,3.069
11.32833,3.052
11.33,3.033
11.33167,3.013
11.33333,2.997
11.335,2.975
11.33667,2.954
11.33833,2.933
11.34,2.915
11.34167,2.9
11.34333,2.876
11.345,2.857
11.34667,2.839
11.34833,2.819
11.35,2.804
11.35167,2.783
11.35333,2.764
11.355,2.746
11.35667,2.727
11.35833,2.715
11.36,2.693
11.36167,2.675
11.36333,2.658
11.365,2.64
11.36667,2.628
11.36833,2.605
11.37,2.587
11.37167,2.569
11.37333,2.553
11.375,2.54
11.37667,2.517
11.37833,2.5
11.38,2.484
11.38167,2.468
11.38333,2.456
11.385,2.434
11.38667,2.416
11.38833,2.402
11.39,2.386
11.39167,2.371
11.39333,2.352
11.395,2.338
11.39667,2.322
11.39833,2.306
11.4,2.294
11.40167,2.271
11.40333,2.255
11.405,2.239
11.40667,2.223
11.40833,2.211
11.41,2.19
11.41167,2.174
11.41333,2.158
11.415,2.143
11.41667,2.133
11.41833,2.116
11.42,2.103
11.42167,2.089
11.42333,2.076
11.425,2.065
11.42667,2.048
11.42833,2.032
11.43,2.016
11.43167,2.002
11.43333,1.992
11.435,1.972
11.43667,1.959
11.43833,1.943
11.44,1.929
11.44167,1.919
11.44333,1.902
11.445,1.888
11.44667,1.876
11.44833,1.862
11.45,1.853
11.45167,1.838
11.45333,1.826
11.455,1.813
11.45667,1.8
11.45833,1.79
11.46,1.775
11.46167,1.763
11.46333,1.752
11.465,1.737
11.46667,1.727
11.46833,1.712
11.47,1.699
11.47167,1.685
11.47333,1.673
11.475,1.665
11.47667,1.651
11.47833,1.638
11.48,1.627
11.48167,1.617
11.48333,1.607
11.485,1.597
11.48667,1.586
11.48833,1.573
11.49,1.56
11.49167,1.552
11.49333,1.54
11.495,1.53
11.49667,1.52
11.49833,1.509
11.5,1.501
11.50167,1.49
11.50333,1.48
11.505,1.468
11.50667,1.457
11.50833,1.449
11.51,1.437
11.51167,1.426
11.51333,1.415
11.515,1.405
11.51667,1.399
11.51833,1.388
11.52,1.378
11.52167,1.367
11.52333,1.359
11.525,1.353
11.52667,1.341
11.52833,1.331
11.53,1.321
11.53167,1.311
11.53333,1.305
11.535,1.294
11.53667,1.284
11.53833,1.277
11.54,1.27
11.54167,1.263
11.54333,1.252
11.545,1.244
11.54667,1.235
11.54833,1.226
11.55,1.221
11.55167,1.211
11.55333,1.202
11.555,1.195
11.55667,1.188
11.55833,1.184
11.56,1.171
11.56167,1.162
11.56333,1.156
11.565,1.147
11.56667,1.14
11.56833,1.131
11.57,1.125
11.57167,1.118
11.57333,1.111
11.575,1.105
11.57667,1.095
11.57833,1.088
11.58,1.082
11.58167,1.073
11.58333,1.068
11.585,1.059
11.58667,1.051
11.58833,1.044
11.59,1.037
11.59167,1.031
11.59333,1.021
11.595,1.016
11.59667,1.01
11.59833,1.002
11.6,0.999
11.60167,0.992
11.60333,0.986
11.605,0.98
11.60667,0.973
11.60833,0.969
11.61,0.962
11.61167,0.958
11.61333,0.95
11.615,0.944
11.61667,0.937
11.61833,0.928
11.62,0.924
11.62167,0.918
11.62333,0.912
11.625,0.909
11.62667,0.904
11.62833,0.897
11.63,0.892
11.63167,0.885
11.63333,0.881
11.635,0.875
11.63667,0.869
11.63833,0.862
11.64,0.855
11.64167,0.852
11.64333,0.849
11.645,0.846
11.64667,0.841
11.64833,0.835
11.65,0.83
11.65167,0.822
11.65333,0.816
11.655,0.812
11.65667,0.81
11.65833,0.807
11.66,0.801
11.66167,0.795
11.66333,0.789
11.665,0.785
11.66667,0.782
11.66833,0.777
11.67,0.773
11.67167,0.767
11.67333,0.762
11.675,0.759
11.67667,0.752
11.67833,0.748
11.68,0.744
11.68167,0.739
11.68333,0.735
11.685,0.73
11.68667,0.728
11.68833,0.723
11.69,0.717
11.69167,0.714
11.69333,0.709
11.695,0.704
11.69667,0.699
11.69833,0.697
11.7,0.695
11.70167,0.688
11.70333,0.682
11.705,0.678
11.70667,0.677
11.70833,0.675
11.71,0.671
11.71167,0.668
11.71333,0.666
11.715,0.66
11.71667,0.656
11.71833,0.653
11.72,0.651
11.72167,0.646
11.72333,0.642
11.725,0.639
11.72667,0.636
11.72833,0.632
11.73,0.626
11.73167,0.621
11.73333,0.619
11.735,0.619
11.73667,0.616
11.73833,0.615
11.74,0.613
11.74167,0.611
11.74333,0.609
11.745,0.607
11.74667,0.602
11.74833,0.597
11.75,0.595
11.75167,0.591
11.75333,0.588
11.755,0.586
11.75667,0.581
11.75833,0.578
11.76,0.575
11.76167,0.572
11.76333,0.569
11.765,0.566
11.76667,0.563
11.76833,0.557
11.77,0.554
11.77167,0.551
11.77333,0.55
11.775,0.548
11.77667,0.544
11.77833,0.542
11.78,0.541
11.78167,0.539
11.78333,0.537
11.785,0.533
11.78667,0.531
11.78833,0.529
11.79,0.527
11.79167,0.523
11.79333,0.519
11.795,0.518
11.79667,0.515
11.79833,0.512
11.8,0.509
11.80167,0.506
11.80333,0.504
11.805,0.502
11.80667,0.5
11.80833,0.498
11.81,0.495
11.81167,0.493
11.81333,0.491
11.815,0.489
11.81667,0.486
11.81833,0.483
11.82,0.479
11.82167,0.477
11.82333,0.478
11.825,0.477
11.82667,0.474
11.82833,0.472
11.83,0.472
11.83167,0.469
11.83333,0.468
11.835,0.465
11.83667,0.465
11.83833,0.463
11.84,0.461
11.84167,0.459
11.84333,0.457
11.845,0.454
11.84667,0.452
11.84833,0.451
11.85,0.448
11.85167,0.444
11.85333,0.441
11.855,0.438
11.85667,0.434
11.85833,0.432
11.86,0.427
11.86167,0.424
11.86333,0.419
11.865,0.418
11.86667,0.419
11.86833,0.419
11.87,0.419
11.87167,0.416
11.87333,0.413
11.875,0.412
11.87667,0.411
11.87833,0.409
11.88,0.407
11.88167,0.405
11.88333,0.404
11.885,0.401
11.88667,0.399
11.88833,0.399
11.89,0.399
11.89167,0.397
11.89333,0.394
11.895,0.394
11.89667,0.392
11.89833,0.391
11.9,0.389
11.90167,0.386
11.90333,0.385
11.905,0.384
11.90667,0.382
11.90833,0.381
11.91,0.38
11.91167,0.378
11.91333,0.378
11.915,0.376
11.91667,0.375
11.91833,0.374
11.92,0.372
11.92167,0.37
11.92333,0.366
11.925,0.366
11.92667,0.364
11.92833,0.363
11.93,0.362
11.93167,0.362
11.93333,0.359
11.935,0.359
11.93667,0.357
11.93833,0.356
11.94,0.355
11.94167,0.354
11.94333,0.352
11.945,0.352
11.94667,0.352
11.94833,0.351
11.95,0.351
11.95167,0.348
11.95333,0.347
11.955,0.347
11.95667,0.345
11.95833,0.343
11.96,0.341
11.96167,0.338
11.96333,0.336
11.965,0.336
11.96667,0.335
11.96833,0.333
11.97,0.333
11.97167,0.332
11.97333,0.33
11.975,0.33
11.97667,0.329
11.97833,0.329
11.98,0.329
11.98167,0.328
11.98333,0.326
11.985,0.325
11.98667,0.324
11.98833,0.323
11.99,0.32
11.99167,0.32
11.99333,0.319
11.995,0.318
11.99667,0.316
11.99833,0.317
12,0.317
12.00167,0.316
12.00333,0.314
12.005,0.311
12.00667,0.309
12.00833,0.309
12.01,0.308
12.01167,0.305
12.01333,0.305
12.015,0.303
12.01667,0.303
12.01833,0.3
12.02,0.299
12.02167,0.297
12.02333,0.296
12.025,0.296
12.02667,0.295
12.02833,0.295
12.03,0.294
12.03167,0.293
12.03333,0.291
12.035,0.291
12.03667,0.289
12.03833,0.288
12.04,0.287
12.04167,0.285
12.04333,0.284
12.045,0.284
12.04667,0.284
12.04833,0.284
12.05,0.283
12.05167,0.281
12.05333,0.28
12.055,0.281
12.05667,0.281
12.05833,0.279
12.06,0.278
12.06167,0.277
12.06333,0.274
12.065,0.274
12.06667,0.273
12.06833,0.27
12.07,0.27
12.07167,0.269
12.07333,0.269
12.075,0.269
12.07667,0.266
12.07833,0.265
12.08,0.264
12.08167,0.263
12.08333,0.262
12.085,0.261
12.08667,0.26
12.08833,0.259
12.09,0.259
12.09167,0.259
12.09333,0.261
12.095,0.262
12.09667,0.26
12.09833,0.26
12.1,0.259
12.10167,0.256
12.10333,0.256
12.105,0.253
12.10667,0.252
12.10833,0.252
12.11,0.25
12.11167,0.251
12.11333,0.252
12.115,0.253
12.11667,0.252
12.11833,0.251
12.12,0.25
12.12167,0.249
12.12333,0.25
12.125,0.249
12.12667,0.25
12.12833,0.251
12.13,0.249
12.13167,0.249
12.13333,0.247
12.135,0.246
12.13667,0.245
12.13833,0.245
12.14,0.245
12.14167,0.244
12.14333,0.244
12.145,0.245
12.14667,0.245
12.14833,0.243
12.15,0.242
12.15167,0.242
12.15333,0.242
12.155,0.242
12.15667,0.242
12.15833,0.241
12.16,0.238
12.16167,0.238
12.16333,0.235
12.165,0.234
12.16667,0.234
12.16833,0.233
12.17,0.233
12.17167,0.231
12.17333,0.232
12.175,0.23
12.17667,0.228
12.17833,0.228
12.18,0.228
12.18167,0.229
12.18333,0.226
12.185,0.225
12.18667,0.224
12.18833,0.224
12.19,0.222
12.19167,0.221
12.19333,0.221
12.195,0.222
12.19667,0.221
12.19833,0.22
12.2,0.22
12.20167,0.219
12.20333,0.218
12.205,0.219
12.20667,0.218
12.20833,0.218
12.21,0.217
12.21167,0.215
12.21333,0.215
12.215,0.213
12.21667,0.212
12.21833,0.21
12.22,0.211
12.22167,0.212
12.22333,0.213
12.225,0.212
12.22667,0.21
12.22833,0.209
12.23,0.209
12.23167,0.208
12.23333,0.208
12.235,0.207
12.23667,0.208
12.23833,0.209
12.24,0.208
12.24167,0.207
12.24333,0.207
12.245,0.206
12.24667,0.205
12.24833,0.206
12.25,0.205
12.25167,0.206
12.25333,0.205
12.255,0.205
12.25667,0.207
12.25833,0.207
12.26,0.206
12.26167,0.204
12.26333,0.205
12.265,0.205
12.26667,0.204
12.26833,0.202
12.27,0.201
12.27167,0.201
12.27333,0.2
12.275,0.199
12.27667,0.199
12.27833,0.2
12.28,0.201
12.28167,0.2
12.28333,0.201
12.285,0.2
12.28667,0.198
12.28833,0.197
12.29,0.194
12.29167,0.193
12.29333,0.196
12.295,0.197
12.29667,0.197
12.29833,0.198
12.3,0.196
12.30167,0.196
12.30333,0.198
12.305,0.2
12.30667,0.201
12.30833,0.202
12.31,0.201
12.31167,0.2
12.31333,0.199
12.315,0.199
12.31667,0.198
12.31833,0.197
12.32,0.197
12.32167,0.196
12.32333,0.195
12.325,0.194
12.32667,0.192
12.32833,0.192
12.33,0.192
12.33167,0.193
12.33333,0.191
12.335,0.192
12.33667,0.191
12.33833,0.19
12.34,0.19
12.34167,0.191
12.34333,0.191
12.345,0.191
12.34667,0.19
12.34833,0.191
12.35,0.192
12.35167,0.194
12.35333,0.194
12.355,0.193
12.35667,0.193
12.35833,0.191
12.36,0.19
12.36167,0.189
12.36333,0.19
12.365,0.19
12.36667,0.19
12.36833,0.188
12.37,0.188
12.37167,0.187
12.37333,0.186
12.375,0.185
12.37667,0.188
12.37833,0.188
12.38,0.186
12.38167,0.186
12.38333,0.185
12.385,0.186
12.38667,0.184
12.38833,0.184
12.39,0.183
12.39167,0.183
12.39333,0.183
12.395,0.183
12.39667,0.184
12.39833,0.183
12.4,0.183
12.40167,0.18
12.40333,0.18
12.405,0.18
12.40667,0.181
12.40833,0.182
12.41,0.183
12.41167,0.183
12.41333,0.181
12.415,0.181
12.41667,0.182
12.41833,0.181
12.42,0.18
12.42167,0.181
12.42333,0.181
12.425,0.181
12.42667,0.182
12.42833,0.184
12.43,0.184
12.43167,0.184
12.43333,0.185
12.435,0.185
12.43667,0.185
12.43833,0.185
12.44,0.185
12.44167,0.185
12.44333,0.184
12.445,0.182
12.44667,0.181
12.44833,0.183
12.45,0.182
12.45167,0.181
12.45333,0.181
12.455,0.182
12.45667,0.183
12.45833,0.183
12.46,0.184
12.46167,0.184
12.46333,0.183
12.465,0.183
12.46667,0.183
12.46833,0.181
12.47,0.179
12.47167,0.18
12.47333,0.179
12.475,0.179
12.47667,0.179
12.47833,0.177
12.48,0.177
12.48167,0.179
12.48333,0.18
12.485,0.181
12.48667,0.183
12.48833,0.182
12.49,0.182
12.49167,0.184
12.49333,0.184
12.495,0.184
12.49667,0.183
12.49833,0.181
12.5,0.181
12.50167,0.18
12.50333,0.178
12.505,0.178
12.50667,0.179
12.50833,0.177
12.51,0.176
12.51167,0.176
12.51333,0.177
12.515,0.177
12.51667,0.176
12.51833,0.177
12.52,0.177
12.52167,0.176
12.52333,0.175
12.525,0.174
12.52667,0.175
12.52833,0.174
12.53,0.175
12.53167,0.175
12.53333,0.175
12.535,0.173
12.53667,0.173
12.53833,0.173
12.54,0.17
12.54167,0.169
12.54333,0.17
12.545,0.172
12.54667,0.171
12.54833,0.169
12.55,0.169
12.55167,0.169
12.55333,0.17
12.555,0.169
12.55667,0.168
12.55833,0.17
12.56,0.17
12.56167,0.168
12.56333,0.167
12.565,0.168
12.56667,0.167
12.56833,0.168
12.57,0.169
12.57167,0.168
12.57333,0.166
12.575,0.167
12.57667,0.167
12.57833,0.167
12.58,0.167
12.58167,0.167
12.58333,0.165
12.585,0.165
12.58667,0.165
12.58833,0.163
12.59,0.162
12.59167,0.161
12.59333,0.159
12.595,0.161
12.59667,0.159
12.59833,0.159
12.6,0.158
12.60167,0.158
12.60333,0.158
12.605,0.158
12.60667,0.159
12.60833,0.158
12.61,0.156
12.61167,0.156
12.61333,0.156
12.615,0.156
12.61667,0.156
12.61833,0.156
12.62,0.157
12.62167,0.157
12.62333,0.157
12.625,0.157
12.62667,0.155
12.62833,0.155
12.63,0.155
12.63167,0.156
12.63333,0.155
12.635,0.152
12.63667,0.151
12.63833,0.151
12.64,0.153
12.64167,0.153
12.64333,0.152
12.645,0.15
12.64667,0.15
12.64833,0.148
12.65,0.148
12.65167,0.146
12.65333,0.146
12.655,0.146
12.65667,0.147
12.65833,0.146
12.66,0.146
12.66167,0.144
12.66333,0.146
12.665,0.148
12.66667,0.146
12.66833,0.143
12.67,0.142
12.67167,0.142
12.67333,0.144
12.675,0.144
12.67667,0.144
12.67833,0.144
12.68,0.144
12.68167,0.142
12.68333,0.142
12.685,0.141
12.68667,0.142
12.68833,0.14
12.69,0.139
12.69167,0.138
12.69333,0.137
12.695,0.137
12.69667,0.135
12.69833,0.135
12.7,0.135
12.70167,0.133
12.70333,0.131
12.705,0.13
12.70667,0.132
12.70833,0.132
12.71,0.131
12.71167,0.131
12.71333,0.131
12.715,0.131
12.71667,0.131
12.71833,0.131
12.72,0.13
12.72167,0.131
12.72333,0.132
12.725,0.131
12.72667,0.131
12.72833,0.131
12.73,0.13
12.73167,0.131
12.73333,0.131
12.735,0.132
12.73667,0.136
12.73833,0.136
12.74,0.134
12.74167,0.132
12.74333,0.131
12.745,0.13
12.74667,0.129
12.74833,0.13
12.75,0.131
12.75167,0.128
12.75333,0.127
12.755,0.128
12.75667,0.128
12.75833,0.128
12.76,0.128
12.76167,0.128
12.76333,0.126
12.765,0.127
12.76667,0.127
12.76833,0.125
12.77,0.126
12.77167,0.125
12.77333,0.126
12.775,0.128
12.77667,0.128
12.77833,0.128
12.78,0.126
12.78167,0.126
12.78333,0.126
12.785,0.129
12.78667,0.13
12.78833,0.133
12.79,0.133
12.79167,0.131
12.79333,0.129
12.795,0.13
12.79667,0.129
12.79833,0.129
12.8,0.129
12.80167,0.129
12.80333,0.129
12.805,0.127
12.80667,0.127
12.80833,0.127
12.81,0.127
12.81167,0.126
12.81333,0.126
12.815,0.127
12.81667,0.127
12.81833,0.128
12.82,0.127
12.82167,0.126
12.82333,0.124
12.825,0.123
12.82667,0.121
12.82833,0.122
12.83,0.122
12.83167,0.122
12.83333,0.121
12.835,0.121
12.83667,0.12
12.83833,0.121
12.84,0.12
12.84167,0.12
12.84333,0.12
12.845,0.119
12.84667,0.118
12.84833,0.117
12.85,0.118
12.85167,0.119
12.85333,0.117
12.855,0.118
12.85667,0.119
12.85833,0.118
12.86,0.117
12.86167,0.117
12.86333,0.117
12.865,0.117
12.86667,0.117
12.86833,0.117
12.87,0.118
12.87167,0.118
12.87333,0.117
12.875,0.117
12.87667,0.119
12.87833,0.118
12.88,0.116
12.88167,0.116
12.88333,0.115
12.885,0.115
12.88667,0.116
12.88833,0.115
12.89,0.116
12.89167,0.115
12.89333,0.115
12.895,0.113
12.89667,0.113
12.89833,0.111
12.9,0.111
12.90167,0.112
12.90333,0.113
12.905,0.113
12.90667,0.111
12.90833,0.111
12.91,0.112
12.91167,0.111
12.91333,0.11
12.915,0.111
12.91667,0.111
12.91833,0.112
12.92,0.111
12.92167,0.112
12.92333,0.112
12.925,0.112
12.92667,0.113
12.92833,0.112
12.93,0.112
12.93167,0.112
12.93333,0.111
12.935,0.11
12.93667,0.11
12.93833,0.11
12.94,0.11
12.94167,0.11
12.94333,0.108
12.945,0.109
12.94667,0.11
12.94833,0.111
12.95,0.112
12.95167,0.11
12.95333,0.109
12.955,0.11
12.95667,0.11
12.95833,0.111
12.96,0.11
12.96167,0.109
12.96333,0.108
12.965,0.107
12.96667,0.106
12.96833,0.106
12.97,0.106
12.97167,0.105
12.97333,0.105
12.975,0.104
12.97667,0.105
12.97833,0.106
12.98,0.107
12.98167,0.106
12.98333,0.105
12.985,0.106
12.98667,0.107
12.98833,0.108
12.99,0.11
12.99167,0.11
12.99333,0.107
12.995,0.108
12.99667,0.108
12.99833,0.108
13,0.107
13.00167,0.105
13.00333,0.104
13.005,0.103
13.00667,0.104
13.00833,0.106
13.01,0.106
13.01167,0.106
13.01333,0.106
13.015,0.107
13.01667,0.108
13.01833,0.108
13.02,0.108
13.02167,0.107
13.02333,0.107
13.025,0.105
13.02667,0.105
13.02833,0.105
13.03,0.105
13.03167,0.105
13.03333,0.104
13.035,0.103
13.03667,0.103
13.03833,0.101
13.04,0.101
13.04167,0.101
13.04333,0.1
13.045,0.098
13.04667,0.098
13.04833,0.098
13.05,0.099
13.05167,0.099
13.05333,0.1
13.055,0.101
13.05667,0.104
13.05833,0.104
13.06,0.106
13.06167,0.107
13.06333,0.107
13.065,0.106
13.06667,0.106
13.06833,0.104
13.07,0.105
13.07167,0.104
13.07333,0.103
13.075,0.101
13.07667,0.101
13.07833,0.101
13.08,0.101
13.08167,0.103
13.08333,0.101
13.085,0.1
13.08667,0.1
13.08833,0.101
13.09,0.104
13.09167,0.105
13.09333,0.104
13.095,0.104
13.09667,0.104
13.09833,0.104
13.1,0.103
13.10167,0.104
13.10333,0.104
13.105,0.103
13.10667,0.105
13.10833,0.105
13.11,0.105
13.11167,0.104
13.11333,0.106
13.115,0.105
13.11667,0.104
13.11833,0.101
13.12,0.102
13.12167,0.102
13.12333,0.104
13.125,0.104
13.12667,0.104
13.12833,0.105
13.13,0.105
13.13167,0.106
13.13333,0.106
13.135,0.108
13.13667,0.108
13.13833,0.108
13.14,0.107
13.14167,0.108
13.14333,0.107
13.145,0.106
13.14667,0.105
13.14833,0.105
13.15,0.106
13.15167,0.105
13.15333,0.106
13.155,0.108
13.15667,0.108
13.15833,0.108
13.16,0.108
13.16167,0.107
13.16333,0.108
13.165,0.109
13.16667,0.108
13.16833,0.107
13.17,0.106
13.17167,0.106
13.17333,0.108
13.175,0.107
13.17667,0.107
13.17833,0.109
13.18,0.111
13.18167,0.111
13.18333,0.112
13.185,0.114
13.18667,0.114
13.18833,0.114
13.19,0.114
13.19167,0.116
13.19333,0.118
13.195,0.118
13.19667,0.118
13.19833,0.118
13.2,0.118
13.20167,0.116
13.20333,0.115
13.205,0.115
13.20667,0.115
13.20833,0.114
13.21,0.114
13.21167,0.115
13.21333,0.118
13.215,0.118
13.21667,0.116
13.21833,0.118
13.22,0.118
13.22167,0.119
13.22333,0.12
13.225,0.12
13.22667,0.12
13.22833,0.119
13.23,0.119
13.23167,0.12
13.23333,0.121
13.235,0.122
13.23667,0.122
13.23833,0.122
13.24,0.124
13.24167,0.124
13.24333,0.125
13.245,0.124
13.24667,0.124
13.24833,0.127
13.25,0.128
13.25167,0.129
13.25333,0.131
13.255,0.132
13.25667,0.133
13.25833,0.134
13.26,0.133
13.26167,0.135
13.26333,0.134
13.265,0.134
13.26667,0.134
13.26833,0.135
13.27,0.136
13.27167,0.138
13.27333,0.14
13.275,0.142
13.27667,0.143
13.27833,0.144
13.28,0.146
13.28167,0.148
13.28333,0.149
13.285,0.154
13.28667,0.155
13.28833,0.153
13.29,0.155
13.29167,0.156
13.29333,0.156
13.295,0.159
13.29667,0.16
13.29833,0.163
13.3,0.165
13.30167,0.167
13.30333,0.17
13.305,0.173
13.30667,0.173
13.30833,0.175
13.31,0.176
13.31167,0.18
13.31333,0.183
13.315,0.185
13.31667,0.187
13.31833,0.19
13.32,0.192
13.32167,0.196
13.32333,0.199
13.325,0.203
13.32667,0.207
13.32833,0.211
13.33,0.216
13.33167,0.221
13.33333,0.222
13.335,0.226
13.33667,0.231
13.33833,0.234
13.34,0.242
13.34167,0.247
13.34333,0.253
13.345,0.258
13.34667,0.264
13.34833,0.27
13.35,0.273
13.35167,0.281
13.35333,0.288
13.355,0.295
13.35667,0.302
13.35833,0.308
13.36,0.32
13.36167,0.329
13.36333,0.337
13.365,0.346
13.36667,0.353
13.36833,0.363
13.37,0.371
13.37167,0.381
13.37333,0.392
13.375,0.402
13.37667,0.414
13.37833,0.424
13.38,0.435
13.38167,0.447
13.38333,0.456
13.385,0.472
13.38667,0.484
13.38833,0.496
13.39,0.51
13.39167,0.52
13.39333,0.536
13.395,0.552
13.39667,0.57
13.39833,0.584
13.4,0.595
13.40167,0.615
13.40333,0.632
13.405,0.647
13.40667,0.663
13.40833,0.678
13.41,0.699
13.41167,0.717
13.41333,0.736
13.415,0.754
13.41667,0.766
13.41833,0.793
13.42,0.813
13.42167,0.837
13.42333,0.857
13.425,0.875
13.42667,0.901
13.42833,0.922
13.43,0.944
13.43167,0.967
13.43333,0.984
13.435,1.014
13.43667,1.037
13.43833,1.06
13.44,1.085
13.44167,1.102
13.44333,1.133
13.445,1.155
13.44667,1.18
13.44833,1.204
13.45,1.222
13.45167,1.25
13.45333,1.275
13.455,1.299
13.45667,1.324
13.45833,1.346
13.46,1.377
13.46167,1.401
13.46333,1.425
13.465,1.45
13.46667,1.47
13.46833,1.498
13.47,1.522
13.47167,1.544
13.47333,1.567
13.475,1.585
13.47667,1.612
13.47833,1.633
13.48,1.656
13.48167,1.677
13.48333,1.694
13.485,1.719
13.48667,1.742
13.48833,1.764
13.49,1.784
13.49167,1.797
13.49333,1.82
13.495,1.837
13.49667,1.852
13.49833,1.866
13.5,1.878
13.50167,1.896
13.50333,1.91
13.505,1.925
13.50667,1.935
13.50833,1.94
13.51,1.951
13.51167,1.96
13.51333,1.968
13.515,1.976
13.51667,1.981
13.51833,1.986
13.52,1.99
13.52167,1.993
13.52333,1.995
13.525,1.996
13.52667,1.994
13.52833,1.991
13.53,1.986
13.53167,1.982
13.53333,1.978
13.535,1.969
13.53667,1.962
13.53833,1.955
13.54,1.946
13.54167,1.939
13.54333,1.925
13.545,1.913
13.54667,1.899
13.54833,1.884
13.55,1.873
13.55167,1.854
13.55333,1.837
13.555,1.818
13.55667,1.8
13.55833,1.784
13.56,1.762
13.56167,1.742
13.56333,1.72
13.565,1.698
13.56667,1.68
13.56833,1.651
13.57,1.628
13.57167,1.605
13.57333,1.582
13.575,1.566
13.57667,1.532
13.57833,1.506
13.58,1.48
13.58167,1.452
13.58333,1.432
13.585,1.398
13.58667,1.371
13.58833,1.346
13.59,1.32
13.59167,1.298
13.59333,1.262
13.595,1.236
13.59667,1.211
13.59833,1.184
13.6,1.163
13.60167,1.132
13.60333,1.106
13.605,1.081
13.60667,1.055
13.60833,1.036
13.61,1.005
13.61167,0.98
13.61333,0.955
13.615,0.931
13.61667,0.911
13.61833,0.881
13.62,0.859
13.62167,0.835
13.62333,0.813
13.625,0.795
13.62667,0.767
13.62833,0.745
13.63,0.725
13.63167,0.703
13.63333,0.686
13.635,0.663
13.63667,0.646
13.63833,0.628
13.64,0.611
13.64167,0.598
13.64333,0.579
13.645,0.563
13.64667,0.547
13.64833,0.533
13.65,0.522
13.65167,0.503
13.65333,0.491
13.655,0.477
13.65667,0.463
13.65833,0.453
13.66,0.439
13.66167,0.426
13.66333,0.414
13.665,0.403
13.66667,0.395
13.66833,0.381
13.67,0.371
13.67167,0.363
13.67333,0.352
13.675,0.345
13.67667,0.333
13.67833,0.325
13.68,0.319
13.68167,0.311
13.68333,0.306
13.685,0.298
13.68667,0.291
13.68833,0.285
13.69,0.28
13.69167,0.276
13.69333,0.27
13.695,0.265
13.69667,0.26
13.69833,0.254
13.7,0.25
13.70167,0.245
13.70333,0.24
13.705,0.237
13.70667,0.233
13.70833,0.229
13.71,0.225
13.71167,0.221
13.71333,0.217
13.715,0.212
13.71667,0.208
13.71833,0.205
13.72,0.204
13.72167,0.202
13.72333,0.199
13.725,0.196
13.72667,0.193
13.72833,0.191
13.73,0.191
13.73167,0.189
13.73333,0.189
13.735,0.188
13.73667,0.186
13.73833,0.187
13.74,0.187
13.74167,0.187
13.74333,0.188
13.745,0.186
13.74667,0.186
13.74833,0.186
13.75,0.185
13.75167,0.185
13.75333,0.185
13.755,0.183
13.75667,0.183
13.75833,0.183
13.76,0.182
13.76167,0.181
13.76333,0.18
13.765,0.18
13.76667,0.179
13.76833,0.179
13.77,0.18
13.77167,0.181
13.77333,0.183
13.775,0.184
13.77667,0.184
13.77833,0.184
13.78,0.187
13.78167,0.189
13.78333,0.19
13.785,0.191
13.78667,0.192
13.78833,0.191
13.79,0.191
13.79167,0.191
13.79333,0.194
13.795,0.197
13.79667,0.2
13.79833,0.201
13.8,0.202
13.80167,0.203
13.80333,0.205
13.805,0.206
13.80667,0.207
13.80833,0.208
13.81,0.207
13.81167,0.208
13.81333,0.211
13.815,0.213
13.81667,0.215
13.81833,0.218
13.82,0.219
13.82167,0.222
13.82333,0.224
13.825,0.225
13.82667,0.228
13.82833,0.232
13.83,0.233
13.83167,0.234
13.83333,0.236
13.835,0.239
13.83667,0.24
13.83833,0.244
13.84,0.248
13.84167,0.25
13.84333,0.253
13.845,0.256
13.84667,0.256
13.84833,0.258
13.85,0.259
13.85167,0.262
13.85333,0.266
13.855,0.267
13.85667,0.267
13.85833,0.268
13.86,0.27
13.86167,0.271
13.86333,0.274
13.865,0.277
13.86667,0.279
13.86833,0.282
13.87,0.284
13.87167,0.287
13.87333,0.291
13.875,0.291
13.87667,0.294
13.87833,0.298
13.88,0.302
13.88167,0.305
13.88333,0.308
13.885,0.313
13.88667,0.314
13.88833,0.317
13.89,0.319
13.89167,0.32
13.89333,0.322
13.895,0.325
13.89667,0.328
13.89833,0.33
13.9,0.332
13.90167,0.335
13.90333,0.335
13.905,0.336
13.90667,0.338
13.90833,0.338
13.91,0.343
13.91167,0.346
13.91333,0.348
13.915,0.35
13.91667,0.352
13.91833,0.353
13.92,0.354
13.92167,0.358
13.92333,0.36
13.925,0.362
13.92667,0.366
13.92833,0.369
13.93,0.371
13.93167,0.373
13.93333,0.376
13.935,0.378
13.93667,0.38
13.93833,0.382
13.94,0.382
13.94167,0.384
13.94333,0.387
13.945,0.391
13.94667,0.393
13.94833,0.396
13.95,0.398
13.95167,0.401
13.95333,0.402
13.955,0.405
13.95667,0.404
13.95833,0.407
13.96,0.411
13.96167,0.413
13.96333,0.413
13.965,0.415
13.96667,0.416
13.96833,0.419
13.97,0.421
13.97167,0.425
13.97333,0.426
13.975,0.429
13.97667,0.432
13.97833,0.435
13.98,0.439
13.98167,0.442
13.98333,0.443
13.985,0.445
13.98667,0.448
13.98833,0.451
13.99,0.454
13.99167,0.457
13.99333,0.462
13.995,0.463
13.99667,0.466
13.99833,0.468
14,0.468
14.00167,0.471
14.00333,0.473
14.005,0.476
14.00667,0.479
14.00833,0.481
14.01,0.482
14.01167,0.484
14.01333,0.487
14.015,0.491
14.01667,0.494
14.01833,0.498
14.02,0.502
14.02167,0.505
14.02333,0.509
14.025,0.511
14.02667,0.512
14.02833,0.517
14.03,0.519
14.03167,0.523
14.03333,0.527
14.035,0.53
14.03667,0.532
14.03833,0.533
14.04,0.536
14.04167,0.539
14.04333,0.545
14.045,0.547
14.04667,0.549
14.04833,0.552
14.05,0.555
14.05167,0.562
14.05333,0.566
14.055,0.568
14.05667,0.571
14.05833,0.574
14.06,0.578
14.06167,0.581
14.06333,0.584
14.065,0.586
14.06667,0.588
14.06833,0.593
14.07,0.598
14.07167,0.601
14.07333,0.605
14.075,0.606
14.07667,0.609
14.07833,0.611
14.08,0.615
14.08167,0.619
14.08333,0.621
14.085,0.626
14.08667,0.627
14.08833,0.629
14.09,0.631
14.09167,0.632
14.09333,0.635
14.095,0.636
14.09667,0.639
14.09833,0.641
14.1,0.644
14.10167,0.645
14.10333,0.645
14.105,0.647
14.10667,0.648
14.10833,0.648
14.11,0.649
14.11167,0.651
14.11333,0.652
14.115,0.652
14.11667,0.654
14.11833,0.658
14.12,0.66
14.12167,0.661
14.12333,0.66
14.125,0.661
14.12667,0.661
14.12833,0.663
14.13,0.664
14.13167,0.665
14.13333,0.664
14.135,0.664
14.13667,0.667
14.13833,0.667
14.14,0.666
14.14167,0.668
14.14333,0.667
14.145,0.666
14.14667,0.665
14.14833,0.665
14.15,0.665
14.15167,0.666
14.15333,0.664
14.155,0.663
14.15667,0.662
14.15833,0.663
14.16,0.662
14.16167,0.66
14.16333,0.659
14.165,0.658
14.16667,0.657
14.16833,0.656
14.17,0.654
14.17167,0.653
14.17333,0.651
14.175,0.649
14.17667,0.646
14.17833,0.643
14.18,0.641
14.18167,0.638
14.18333,0.636
14.185,0.633
14.18667,0.629
14.18833,0.625
14.19,0.623
14.19167,0.622
14.19333,0.62
14.195,0.619
14.19667,0.616
14.19833,0.612
14.2,0.609
14.20167,0.606
14.20333,0.601
14.205,0.598
14.20667,0.594
14.20833,0.59
14.21,0.584
14.21167,0.581
14.21333,0.577
14.215,0.573
14.21667,0.569
14.21833,0.566
14.22,0.563
14.22167,0.558
14.22333,0.554
14.225,0.551
14.22667,0.546
14.22833,0.542
14.23,0.539
14.23167,0.536
14.23333,0.533
14.235,0.528
14.23667,0.525
14.23833,0.521
14.24,0.518
14.24167,0.515
14.24333,0.51
14.245,0.507
14.24667,0.504
14.24833,0.497
14.25,0.494
14.25167,0.486
14.25333,0.481
14.255,0.477
14.25667,0.475
14.25833,0.472
14.26,0.468
14.26167,0.465
14.26333,0.463
14.265,0.46
14.26667,0.456
14.26833,0.453
14.27,0.449
14.27167,0.447
14.27333,0.443
14.275,0.44
14.27667,0.436
14.27833,0.432
14.28,0.43
14.28167,0.427
14.28333,0.426
14.285,0.422
14.28667,0.419
14.28833,0.415
14.29,0.412
14.29167,0.409
14.29333,0.409
14.295,0.408
14.29667,0.404
14.29833,0.4
14.3,0.399
14.30167,0.4
14.30333,0.399
14.305,0.398
14.30667,0.394
14.30833,0.392
14.31,0.39
14.31167,0.388
14.31333,0.387
14.315,0.383
14.31667,0.381
14.31833,0.379
14.32,0.379
14.32167,0.377
14.32333,0.377
14.325,0.376
14.32667,0.375
14.32833,0.374
14.33,0.374
14.33167,0.374
14.33333,0.373
14.335,0.373
14.33667,0.374
14.33833,0.373
14.34,0.372
14.34167,0.372
14.34333,0.373
14.345,0.371
14.34667,0.371
14.34833,0.373
14.35,0.374
14.35167,0.376
14.35333,0.377
14.355,0.377
14.35667,0.38
14.35833,0.381
14.36,0.383
14.36167,0.384
14.36333,0.386
14.365,0.388
14.36667,0.389
14.36833,0.392
14.37,0.392
14.37167,0.395
14.37333,0.397
14.375,0.401
14.37667,0.406
14.37833,0.408
14.38,0.41
14.38167,0.413
14.38333,0.415
14.385,0.421
14.38667,0.424
14.38833,0.428
14.39,0.432
14.39167,0.434
14.39333,0.436
14.395,0.44
14.39667,0.446
14.39833,0.45
14.4,0.453
14.40167,0.46
14.40333,0.464
14.405,0.469
14.40667,0.473
14.40833,0.476
14.41,0.484
14.41167,0.491
14.41333,0.497
14.415,0.501
14.41667,0.507
14.41833,0.515
14.42,0.524
14.42167,0.532
14.42333,0.539
14.425,0.543
14.42667,0.551
14.42833,0.557
14.43,0.564
14.43167,0.571
14.43333,0.576
14.435,0.585
14.43667,0.591
14.43833,0.6
14.44,0.608
14.44167,0.615
14.44333,0.627
14.445,0.636
14.44667,0.645
14.44833,0.654
14.45,0.659
14.45167,0.671
14.45333,0.68
14.455,0.687
14.45667,0.695
14.45833,0.7
14.46,0.71
14.46167,0.718
14.46333,0.726
14.465,0.735
14.46667,0.741
14.46833,0.752
14.47,0.76
14.47167,0.769
14.47333,0.779
14.475,0.787
14.47667,0.799
14.47833,0.807
14.48,0.815
14.48167,0.826
14.48333,0.833
14.485,0.845
14.48667,0.855
14.48833,0.864
14.49,0.873
14.49167,0.88
14.49333,0.892
14.495,0.9
14.49667,0.908
14.49833,0.918
14.5,0.922
14.50167,0.935
14.50333,0.944
14.505,0.953
14.50667,0.963
14.50833,0.972
14.51,0.982
14.51167,0.989
14.51333,0.997
14.515,1.004
14.51667,1.009
14.51833,1.019
14.52,1.027
14.52167,1.034
14.52333,1.043
14.525,1.05
14.52667,1.06
14.52833,1.069
14.53,1.078
14.53167,1.086
14.53333,1.093
14.535,1.101
14.53667,1.108
14.53833,1.12
14.54,1.132
14.54167,1.138
14.54333,1.149
14.545,1.158
14.54667,1.167
14.54833,1.176
14.55,1.183
14.55167,1.196
14.55333,1.205
14.555,1.216
14.55667,1.225
14.55833,1.235
14.56,1.251
14.56167,1.265
14.56333,1.279
14.565,1.292
14.56667,1.303
14.56833,1.323
14.57,1.337
14.57167,1.349
14.57333,1.365
14.575,1.378
14.57667,1.398
14.57833,1.415
14.58,1.434
14.58167,1.451
14.58333,1.465
14.585,1.491
14.58667,1.511
14.58833,1.534
14.59,1.559
14.59167,1.576
14.59333,1.609
14.595,1.635
14.59667,1.664
14.59833,1.694
14.6,1.715
14.60167,1.757
14.60333,1.788
14.605,1.82
14.60667,1.857
14.60833,1.889
14.61,1.94
14.61167,1.983
14.61333,2.03
14.615,2.078
14.61667,2.113
14.61833,2.181
14.62,2.236
14.62167,2.294
14.62333,2.355
14.625,2.406
14.62667,2.484
14.62833,2.553
14.63,2.627
14.63167,2.705
14.63333,2.768
14.635,2.868
14.63667,2.956
14.63833,3.047
14.64,3.145
14.64167,3.225
14.64333,3.351
14.645,3.461
14.64667,3.575
14.64833,3.693
14.65,3.781
14.65167,3.95
14.65333,4.088
14.655,4.23
14.65667,4.379
14.65833,4.487
14.66,4.694
14.66167,4.862
14.66333,5.037
14.665,5.22
14.66667,5.373
14.66833,5.61
14.67,5.816
14.67167,6.031
14.67333,6.255
14.675,6.44
14.67667,6.728
14.67833,6.977
14.68,7.237
14.68167,7.506
14.68333,7.73
14.685,8.079
14.68667,8.383
14.68833,8.698
14.69,9.022
14.69167,9.291
14.69333,9.707
14.695,10.067
14.69667,10.441
14.69833,10.826
14.7,11.143
14.70167,11.639
14.70333,12.069
14.705,12.512
14.70667,12.969
14.70833,13.342
14.71,13.923
14.71167,14.423
14.71333,14.939
14.715,15.47
14.71667,15.851
14.71833,16.583
14.72,17.168
14.72167,17.768
14.72333,18.383
14.725,18.889
14.72667,19.666
14.72833,20.333
14.73,21.017
14.73167,21.722
14.73333,22.298
14.735,23.188
14.73667,23.95
14.73833,24.73
14.74,25.527
14.74167,26.177
14.74333,27.175
14.745,28.028
14.74667,28.899
14.74833,29.792
14.75,30.519
14.75167,31.635
14.75333,32.588
14.755,33.557
14.75667,34.543
14.75833,35.346
14.76,36.569
14.76167,37.606
14.76333,38.663
14.765,39.738
14.76667,40.613
14.76833,41.949
14.77,43.081
14.77167,44.225
14.77333,45.385
14.775,46.323
14.77667,47.746
14.77833,48.949
14.78,50.167
14.78167,51.401
14.78333,52.4
14.785,53.911
14.78667,55.185
14.78833,56.47
14.79,57.764
14.79167,58.805
14.79333,60.377
14.795,61.695
14.79667,63.021
14.79833,64.358
14.8,65.433
14.80167,67.051
14.80333,68.401
14.805,69.757
14.80667,71.11
14.80833,72.191
14.81,73.816
14.81167,75.168
14.81333,76.522
14.815,77.879
14.81667,78.961
14.81833,80.577
14.82,81.916
14.82167,83.248
14.82333,84.57
14.825,85.621
14.82667,87.185
14.82833,88.48
14.83,89.763
14.83167,91.034
14.83333,91.915
14.835,93.531
14.83667,94.756
14.83833,95.961
14.84,97.144
14.84167,98.077
14.84333,99.454
14.845,100.579
14.84667,101.682
14.84833,102.761
14.85,103.608
14.85167,104.847
14.85333,105.851
14.855,106.826
14.85667,107.771
14.85833,108.506
14.86,109.576
14.86167,110.435
14.86333,111.261
14.865,112.058
14.86667,112.671
14.86833,113.551
14.87,114.247
14.87167,114.907
14.87333,115.533
14.875,116.007
14.87667,116.678
14.87833,117.195
14.88,117.678
14.88167,118.127
14.88333,118.46
14.885,118.913
14.88667,119.248
14.88833,119.544
14.89,119.804
14.89167,119.965
14.89333,120.213
14.895,120.358
14.89667,120.468
14.89833,120.539
14.9,120.569
14.90167,120.57
14.90333,120.531
14.905,120.457
14.90667,120.345
14.90833,120.233
14.91,120.02
14.91167,119.801
14.91333,119.55
14.915,119.265
14.91667,119.015
14.91833,118.601
14.92,118.222
14.92167,117.812
14.92333,117.376
14.925,117.002
14.92667,116.407
14.92833,115.88
14.93,115.324
14.93167,114.743
14.93333,114.262
14.935,113.509
14.93667,112.856
14.93833,112.181
14.94,111.485
14.94167,110.913
14.94333,110.03
14.945,109.273
14.94667,108.496
14.94833,107.705
14.95,107.062
14.95167,106.079
14.95333,105.249
14.955,104.406
14.95667,103.552
14.95833,102.861
14.96,101.811
14.96167,100.923
14.96333,100.029
14.965,99.129
14.96667,98.406
14.96833,97.317
14.97,96.406
14.97167,95.494
14.97333,94.584
14.975,93.854
14.97667,92.76
14.97833,91.847
14.98,90.937
14.98167,90.032
14.98333,89.313
14.985,88.241
14.98667,87.355
14.98833,86.476
14.99,85.604
14.99167,84.911
14.99333,83.881
14.995,83.034
14.99667,82.199
14.99833,81.376
15,80.726
15.00167,79.769
15.00333,78.989
15.005,78.22
15.00667,77.465
15.00833,76.87
15.01,75.998
15.01167,75.289
15.01333,74.599
15.015,73.926
15.01667,73.401
15.01833,72.634
15.02,72.016
15.02167,71.417
15.02333,70.836
15.025,70.386
15.02667,69.733
15.02833,69.209
15.03,68.708
15.03167,68.225
15.03333,67.852
15.035,67.318
15.03667,66.896
15.03833,66.496
15.04,66.114
15.04167,65.822
15.04333,65.411
15.045,65.092
15.04667,64.793
15.04833,64.512
15.05,64.301
15.05167,64.01
15.05333,63.79
15.055,63.591
15.05667,63.408
15.05833,63.276
15.06,63.099
15.06167,62.971
15.06333,62.864
15.065,62.773
15.06667,62.714
15.06833,62.648
15.07,62.613
15.07167,62.592
15.07333,62.589
15.075,62.597
15.07667,62.628
15.07833,62.67
15.08,62.726
15.08167,62.798
15.08333,62.865
15.085,62.98
15.08667,63.093
15.08833,63.216
15.09,63.35
15.09167,63.465
15.09333,63.653
15.095,63.818
15.09667,63.994
15.09833,64.178
15.1,64.332
15.10167,64.573
15.10333,64.783
15.105,65.002
15.10667,65.225
15.10833,65.409
15.11,65.692
15.11167,65.931
15.11333,66.175
15.115,66.422
15.11667,66.597
15.11833,66.925
15.12,67.179
15.12167,67.436
15.12333,67.693
15.125,67.899
15.12667,68.207
15.12833,68.464
15.13,68.718
15.13167,68.971
15.13333,69.147
15.135,69.47
15.13667,69.716
15.13833,69.957
15.14,70.195
15.14167,70.384
15.14333,70.662
15.145,70.885
15.14667,71.104
15.14833,71.315
15.15,71.476
15.15167,71.715
15.15333,71.905
15.155,72.087
15.15667,72.259
15.15833,72.39
15.16,72.576
15.16167,72.72
15.16333,72.855
15.165,72.98
15.16667,73.063
15.16833,73.202
15.17,73.297
15.17167,73.378
15.17333,73.449
15.175,73.499
15.17667,73.558
15.17833,73.592
15.18,73.614
15.18167,73.624
15.18333,73.623
15.185,73.608
15.18667,73.581
15.18833,73.542
15.19,73.489
15.19167,73.436
15.19333,73.341
15.195,73.245
15.19667,73.136
15.19833,73.014
15.2,72.906
15.20167,72.73
15.20333,72.571
15.205,72.395
15.20667,72.206
15.20833,72.045
15.21,71.789
15.21167,71.561
15.21333,71.322
15.215,71.067
15.21667,70.881
15.21833,70.518
15.22,70.223
15.22167,69.918
15.22333,69.601
15.225,69.336
15.22667,68.927
15.22833,68.573
15.23,68.207
15.23167,67.83
15.23333,67.558
15.235,67.039
15.23667,66.626
15.23833,66.202
15.24,65.769
15.24167,65.461
15.24333,64.874
15.245,64.413
15.24667,63.943
15.24833,63.464
15.25,63.072
15.25167,62.473
15.25333,61.963
15.255,61.446
15.25667,60.92
15.25833,60.494
15.26,59.849
15.26167,59.305
15.26333,58.754
15.265,58.194
15.26667,57.743
15.26833,57.058
15.27,56.48
15.27167,55.898
15.27333,55.311
15.275,54.839
15.27667,54.128
15.27833,53.531
15.28,52.931
15.28167,52.325
15.28333,51.838
15.285,51.104
15.28667,50.487
15.28833,49.868
15.29,49.248
15.29167,48.815
15.29333,48.011
15.295,47.393
15.29667,46.772
15.29833,46.15
15.3,45.651
15.30167,44.902
15.30333,44.28
15.305,43.66
15.30667,43.039
15.30833,42.543
15.31,41.801
15.31167,41.184
15.31333,40.571
15.315,39.959
15.31667,39.47
15.31833,38.739
15.32,38.131
15.32167,37.53
15.32333,36.933
15.325,36.516
15.32667,35.746
15.32833,35.158
15.33,34.574
15.33167,33.992
15.33333,33.528
15.335,32.841
15.33667,32.275
15.33833,31.713
15.34,31.154
15.34167,30.712
15.34333,30.055
15.345,29.512
15.34667,28.975
15.34833,28.445
15.35,28.025
15.35167,27.397
15.35333,26.88
15.355,26.372
15.35667,25.869
15.35833,25.52
15.36,24.881
15.36167,24.397
15.36333,23.917
15.365,23.441
15.36667,23.065
15.36833,22.51
15.37,22.055
15.37167,21.607
15.37333,21.167
15.375,20.819
15.37667,20.305
15.37833,19.883
15.38,19.466
15.38167,19.056
15.38333,18.733
15.385,18.257
15.38667,17.864
15.38833,17.48
15.39,17.103
15.39167,16.808
15.39333,16.368
15.395,16.01
15.39667,15.659
15.39833,15.311
15.4,15.036
15.40167,14.635
15.40333,14.309
15.405,13.989
15.40667,13.675
15.40833,13.426
15.41,13.063
15.41167,12.767
15.41333,12.475
15.415,12.189
15.41667,11.993
15.41833,11.635
15.42,11.367
15.42167,11.103
15.42333,10.847
15.425,10.645
15.42667,10.35
15.42833,10.107
15.43,9.872
15.43167,9.639
15.43333,9.479
15.435,9.191
15.43667,8.976
15.43833,8.765
15.44,8.558
15.44167,8.396
15.44333,8.158
15.445,7.964
15.44667,7.777
15.44833,7.592
15.45,7.465
15.45167,7.237
15.45333,7.068
15.455,6.901
15.45667,6.741
15.45833,6.614
15.46,6.425
15.46167,6.271
15.46333,6.124
15.465,5.978
15.46667,5.879
15.46833,5.7
15.47,5.568
15.47167,5.436
15.47333,5.308
15.475,5.211
15.47667,5.065
15.47833,4.947
15.48,4.833
15.48167,4.72
15.48333,4.634
15.485,4.506
15.48667,4.403
15.48833,4.301
15.49,4.204
15.49167,4.126
15.49333,4.015
15.495,3.925
15.49667,3.838
15.49833,3.751
15.5,3.683
15.50167,3.585
15.50333,3.506
15.505,3.427
15.50667,3.35
15.50833,3.292
15.51,3.205
15.51167,3.135
15.51333,3.067
15.515,3.003
15.51667,2.953
15.51833,2.881
15.52,2.821
15.52167,2.763
15.52333,2.706
15.525,2.66
15.52667,2.593
15.52833,2.539
15.53,2.487
15.53167,2.437
15.53333,2.402
15.535,2.341
15.53667,2.296
15.53833,2.251
15.54,2.207
15.54167,2.173
15.54333,2.123
15.545,2.083
15.54667,2.045
15.54833,2.005
15.55,1.979
15.55167,1.933
15.55333,1.898
15.555,1.863
15.55667,1.829
15.55833,1.807
15.56,1.763
15.56167,1.733
15.56333,1.703
15.565,1.673
15.56667,1.654
15.56833,1.617
15.57,1.59
15.57167,1.564
15.57333,1.538
15.575,1.521
15.57667,1.492
15.57833,1.469
15.58,1.444
15.58167,1.422
15.58333,1.406
15.585,1.379
15.58667,1.358
15.58833,1.339
15.59,1.319
15.59167,1.303
15.59333,1.281
15.595,1.262
15.59667,1.246
15.59833,1.229
15.6,1.215
15.60167,1.194
15.60333,1.177
15.605,1.161
15.60667,1.146
15.60833,1.133
15.61,1.115
15.61167,1.1
15.61333,1.085
15.615,1.072
15.61667,1.061
15.61833,1.047
15.62,1.035
15.62167,1.022
15.62333,1.01
15.625,0.999
15.62667,0.985
15.62833,0.975
15.63,0.966
15.63167,0.955
15.63333,0.95
15.635,0.937
15.63667,0.927
15.63833,0.917
15.64,0.908
15.64167,0.898
15.64333,0.885
15.645,0.876
15.64667,0.869
15.64833,0.862
15.65,0.854
15.65167,0.845
15.65333,0.836
15.655,0.827
15.65667,0.819
15.65833,0.813
15.66,0.804
15.66167,0.796
15.66333,0.789
15.665,0.784
15.66667,0.778
15.66833,0.771
15.67,0.765
15.67167,0.759
15.67333,0.753
15.675,0.749
15.67667,0.742
15.67833,0.737
15.68,0.732
15.68167,0.728
15.68333,0.724
15.685,0.717
15.68667,0.712
15.68833,0.708
15.69,0.705
15.69167,0.702
15.69333,0.697
15.695,0.692
15.69667,0.686
15.69833,0.68
15.7,0.678
15.70167,0.675
15.70333,0.674
15.705,0.668
15.70667,0.667
15.70833,0.664
15.71,0.658
15.71167,0.656
15.71333,0.654
15.715,0.651
15.71667,0.651
15.71833,0.647
15.72,0.645
15.72167,0.643
15.72333,0.642
15.725,0.64
15.72667,0.635
15.72833,0.632
15.73,0.63
15.73167,0.629
15.73333,0.627
15.735,0.624
15.73667,0.622
15.73833,0.622
15.74,0.621
15.74167,0.619
15.74333,0.619
15.745,0.618
15.74667,0.617
15.74833,0.619
15.75,0.619
15.75167,0.616
15.75333,0.616
15.755,0.615
15.75667,0.617
15.75833,0.618
15.76,0.617
15.76167,0.619
15.76333,0.619
15.765,0.619
15.76667,0.62
15.76833,0.623
15.77,0.623
15.77167,0.624
15.77333,0.626
15.775,0.627
15.77667,0.63
15.77833,0.632
15.78,0.634
15.78167,0.636
15.78333,0.636
15.785,0.637
15.78667,0.639
15.78833,0.643
15.79,0.648
15.79167,0.652
15.79333,0.656
15.795,0.66
15.79667,0.664
15.79833,0.667
15.8,0.67
15.80167,0.675
15.80333,0.68
15.805,0.681
15.80667,0.686
15.80833,0.688
15.81,0.693
15.81167,0.7
15.81333,0.706
15.815,0.71
15.81667,0.713
15.81833,0.719
15.82,0.725
15.82167,0.733
15.82333,0.737
15.825,0.741
15.82667,0.748
15.82833,0.754
15.83,0.761
15.83167,0.768
15.83333,0.774
15.835,0.782
15.83667,0.788
15.83833,0.796
15.84,0.803
15.84167,0.81
15.84333,0.822
15.845,0.83
15.84667,0.837
15.84833,0.846
15.85,0.854
15.85167,0.867
15.85333,0.878
15.855,0.889
15.85667,0.901
15.85833,0.908
15.86,0.92
15.86167,0.931
15.86333,0.942
15.865,0.952
15.86667,0.96
15.86833,0.973
15.87,0.983
15.87167,0.994
15.87333,1.007
15.875,1.015
15.87667,1.031
15.87833,1.043
15.88,1.056
15.88167,1.068
15.88333,1.077
15.885,1.092
15.88667,1.105
15.88833,1.118
15.89,1.133
15.89167,1.144
15.89333,1.163
15.895,1.175
15.89667,1.188
15.89833,1.204
15.9,1.216
15.90167,1.235
15.90333,1.251
15.905,1.267
15.90667,1.281
15.90833,1.292
15.91,1.311
15.91167,1.326
15.91333,1.339
15.915,1.356
15.91667,1.367
15.91833,1.389
15.92,1.406
15.92167,1.424
15.92333,1.442
15.925,1.455
15.92667,1.474
15.92833,1.49
15.93,1.508
15.93167,1.525
15.93333,1.538
15.935,1.56
15.93667,1.577
15.93833,1.596
15.94,1.615
15.94167,1.632
15.94333,1.654
15.945,1.671
15.94667,1.688
15.94833,1.706
15.95,1.72
15.95167,1.743
15.95333,1.763
15.955,1.782
15.95667,1.801
15.95833,1.817
15.96,1.84
15.96167,1.858
15.96333,1.877
15.965,1.896
15.96667,1.91
15.96833,1.933
15.97,1.952
15.97167,1.972
15.97333,1.992
15.975,2.009
15.97667,2.031
15.97833,2.049
15.98,2.069
15.98167,2.088
15.98333,2.105
15.985,2.127
15.98667,2.145
15.98833,2.165
15.99,2.184
15.99167,2.202
15.99333,2.227
15.995,2.248
15.99667,2.268
15.99833,2.289
16,2.304
16.00167,2.328
16.00333,2.346
16.005,2.365
16.00667,2.385
16.00833,2.399
16.01,2.426
16.01167,2.446
16.01333,2.467
16.015,2.49
16.01667,2.506
16.01833,2.533
16.02,2.554
16.02167,2.575
16.02333,2.595
16.025,2.612
16.02667,2.636
16.02833,2.656
16.03,2.678
16.03167,2.698
16.03333,2.712
16.035,2.74
16.03667,2.763
16.03833,2.787
16.04,2.809
16.04167,2.824
16.04333,2.854
16.045,2.878
16.04667,2.9
16.04833,2.924
16.05,2.941
16.05167,2.975
16.05333,2.998
16.055,3.025
16.05667,3.052
16.05833,3.07
16.06,3.103
16.06167,3.131
16.06333,3.158
16.065,3.186
16.06667,3.209
16.06833,3.244
16.07,3.273
16.07167,3.302
16.07333,3.334
16.075,3.36
16.07667,3.397
16.07833,3.432
16.08,3.465
16.08167,3.499
16.08333,3.528
16.085,3.572
16.08667,3.609
16.08833,3.648
16.09,3.688
16.09167,3.716
16.09333,3.771
16.095,3.813
16.09667,3.857
16.09833,3.903
16.1,3.937
16.10167,3.997
16.10333,4.046
16.105,4.099
16.10667,4.151
16.10833,4.189
16.11,4.263
16.11167,4.322
16.11333,4.381
16.115,4.444
16.11667,4.489
16.11833,4.578
16.12,4.647
16.12167,4.718
16.12333,4.791
16.125,4.845
16.12667,4.946
16.12833,5.027
16.13,5.111
16.13167,5.197
16.13333,5.258
16.135,5.379
16.13667,5.478
16.13833,5.578
16.14,5.682
16.14167,5.755
16.14333,5.897
16.145,6.007
16.14667,6.124
16.14833,6.244
16.15,6.331
16.15167,6.497
16.15333,6.629
16.155,6.765
16.15667,6.906
16.15833,7.021
16.16,7.199
16.16167,7.354
16.16333,7.512
16.165,7.675
16.16667,7.794
16.16833,8.019
16.17,8.199
16.17167,8.385
16.17333,8.575
16.175,8.732
16.17667,8.975
16.17833,9.183
16.18,9.398
16.18167,9.62
16.18333,9.802
16.185,10.081
16.18667,10.323
16.18833,10.569
16.19,10.825
16.19167,11.007
16.19333,11.354
16.195,11.631
16.19667,11.913
16.19833,12.202
16.2,12.438
16.20167,12.802
16.20333,13.113
16.205,13.434
16.20667,13.762
16.20833,13.997
16.21,14.443
16.21167,14.795
16.21333,15.154
16.215,15.523
16.21667,15.826
16.21833,16.289
16.22,16.687
16.22167,17.092
16.22333,17.506
16.225,17.844
16.22667,18.361
16.22833,18.802
16.23,19.252
16.23167,19.712
16.23333,20.04
16.235,20.659
16.23667,21.146
16.23833,21.642
16.24,22.15
16.24167,22.563
16.24333,23.191
16.245,23.724
16.24667,24.267
16.24833,24.819
16.25,25.267
16.25167,25.952
16.25333,26.536
16.255,27.128
16.25667,27.732
16.25833,28.221
16.26,28.965
16.26167,29.594
16.26333,30.231
16.265,30.876
16.26667,31.333
16.26833,32.199
16.27,32.874
16.27167,33.56
16.27333,34.252
16.275,34.811
16.27667,35.66
16.27833,36.378
16.28,37.104
16.28167,37.841
16.28333,38.434
16.285,39.332
16.28667,40.09
16.28833,40.855
16.29,41.627
16.29167,42.251
16.29333,43.192
16.295,43.982
16.29667,44.778
16.29833,45.582
16.3,46.15
16.30167,47.21
16.30333,48.033
16.305,48.859
16.30667,49.69
16.30833,50.358
16.31,51.363
16.31167,52.204
16.31333,53.05
16.315,53.899
16.31667,54.579
16.31833,55.608
16.32,56.466
16.32167,57.326
16.32333,58.188
16.325,58.878
16.32667,59.914
16.32833,60.775
16.33,61.638
16.33167,62.501
16.33333,63.104
16.335,64.229
16.33667,65.092
16.33833,65.952
16.34,66.811
16.34167,67.496
16.34333,68.518
16.345,69.362
16.34667,70.206
16.34833,71.046
16.35,71.717
16.35167,72.717
16.35333,73.545
16.355,74.365
16.35667,75.178
16.35833,75.824
16.36,76.783
16.36167,77.576
16.36333,78.36
16.365,79.139
16.36667,79.68
16.36833,80.674
16.37,81.428
16.37167,82.171
16.37333,82.903
16.375,83.479
16.37667,84.332
16.37833,85.031
16.38,85.719
16.38167,86.397
16.38333,86.931
16.385,87.715
16.38667,88.358
16.38833,88.984
16.39,89.597
16.39167,90.018
16.39333,90.78
16.395,91.349
16.39667,91.906
16.39833,92.447
16.4,92.868
16.40167,93.48
16.40333,93.974
16.405,94.454
16.40667,94.915
16.40833,95.273
16.41,95.79
16.41167,96.202
16.41333,96.599
16.415,96.98
16.41667,97.271
16.41833,97.685
16.42,98.011
16.42167,98.316
16.42333,98.605
16.425,98.823
16.42667,99.131
16.42833,99.368
16.43,99.585
16.43167,99.784
16.43333,99.931
16.435,100.13
16.43667,100.273
16.43833,100.397
16.44,100.505
16.44167,100.577
16.44333,100.662
16.445,100.713
16.44667,100.745
16.44833,100.759
16.45,100.757
16.45167,100.732
16.45333,100.69
16.455,100.631
16.45667,100.554
16.45833,100.479
16.46,100.348
16.46167,100.216
16.46333,100.068
16.465,99.903
16.46667,99.777
16.46833,99.519
16.47,99.302
16.47167,99.065
16.47333,98.812
16.475,98.601
16.47667,98.266
16.47833,97.966
16.48,97.652
16.48167,97.322
16.48333,97.048
16.485,96.618
16.48667,96.243
16.48833,95.856
16.49,95.455
16.49167,95.122
16.49333,94.607
16.495,94.164
16.49667,93.708
16.49833,93.24
16.5,92.856
16.50167,92.267
16.50333,91.764
16.505,91.248
16.50667,90.723
16.50833,90.295
16.51,89.637
16.51167,89.076
16.51333,88.506
16.515,87.924
16.51667,87.452
16.51833,86.737
16.52,86.132
16.52167,85.518
16.52333,84.897
16.525,84.458
16.52667,83.633
16.52833,82.988
16.53,82.336
16.53167,81.678
16.53333,81.213
16.535,80.345
16.53667,79.672
16.53833,78.993
16.54,78.311
16.54167,77.762
16.54333,76.931
16.545,76.235
16.54667,75.533
16.54833,74.828
16.55,74.263
16.55167,73.413
16.55333,72.704
16.555,71.991
16.55667,71.277
16.55833,70.775
16.56,69.838
16.56167,69.118
16.56333,68.397
16.565,67.675
16.56667,67.099
16.56833,66.237
16.57,65.518
16.57167,64.802
16.57333,64.083
16.575,63.508
16.57667,62.647
16.57833,61.932
16.58,61.22
16.58167,60.508
16.58333,59.942
16.585,59.097
16.58667,58.396
16.58833,57.695
16.59,56.997
16.59167,56.439
16.59333,55.608
16.595,54.917
16.59667,54.229
16.59833,53.544
16.6,53
16.60167,52.192
16.60333,51.524
16.605,50.859
16.60667,50.2
16.60833,49.674
16.61,48.89
16.61167,48.243
16.61333,47.6
16.615,46.962
16.61667,46.454
16.61833,45.702
16.62,45.082
16.62167,44.468
16.62333,43.858
16.625,43.374
16.62667,42.653
16.62833,42.056
16.63,41.468
16.63167,40.885
16.63333,40.425
16.635,39.74
16.63667,39.175
16.63833,38.616
16.64,38.063
16.64167,37.625
16.64333,36.975
16.645,36.441
16.64667,35.911
16.64833,35.39
16.65,34.978
16.65167,34.365
16.65333,33.863
16.655,33.367
16.65667,32.875
16.65833,32.483
16.66,31.907
16.66167,31.432
16.66333,30.965
16.665,30.503
16.66667,30.183
16.66833,29.597
16.67,29.153
16.67167,28.715
16.67333,28.283
16.675,27.941
16.67667,27.439
16.67833,27.026
16.68,26.618
16.68167,26.215
16.68333,25.898
16.685,25.431
16.68667,25.047
16.68833,24.667
16.69,24.294
16.69167,23.998
16.69333,23.56
16.695,23.202
16.69667,22.852
16.69833,22.507
16.7,22.235
16.70167,21.834
16.70333,21.504
16.705,21.177
16.70667,20.856
16.70833,20.603
16.71,20.228
16.71167,19.925
16.71333,19.624
16.715,19.331
16.71667,19.098
16.71833,18.756
16.72,18.473
16.72167,18.196
16.72333,17.923
16.725,17.736
16.72667,17.394
16.72833,17.136
16.73,16.881
16.73167,16.631
16.73333,16.459
16.735,16.145
16.73667,15.907
16.73833,15.673
16.74,15.441
16.74167,15.259
16.74333,14.992
16.745,14.773
16.74667,14.56
16.74833,14.35
16.75,14.184
16.75167,13.938
16.75333,13.739
16.755,13.541
16.75667,13.347
16.75833,13.213
16.76,12.969
16.76167,12.786
16.76333,12.607
16.765,12.43
16.76667,12.308
16.76833,12.084
16.77,11.914
16.77167,11.749
16.77333,11.585
16.775,11.456
16.77667,11.266
16.77833,11.113
16.78,10.961
16.78167,10.813
16.78333,10.71
16.785,10.523
16.78667,10.381
16.78833,10.243
16.79,10.107
16.79167,10
16.79333,9.842
16.795,9.711
16.79667,9.583
16.79833,9.458
16.8,9.36
16.80167,9.215
16.80333,9.095
16.805,8.979
16.80667,8.863
16.80833,8.772
16.81,8.638
16.81167,8.529
16.81333,8.42
16.815,8.315
16.81667,8.232
16.81833,8.109
16.82,8.008
16.82167,7.908
16.82333,7.812
16.825,7.745
16.82667,7.625
16.82833,7.534
16.83,7.444
16.83167,7.355
16.83333,7.286
16.835,7.184
16.83667,7.1
16.83833,7.015
16.84,6.931
16.84167,6.867
16.84333,6.771
16.845,6.693
16.84667,6.615
16.84833,6.54
16.85,6.481
16.85167,6.392
16.85333,6.319
16.855,6.248
16.85667,6.178
16.85833,6.122
16.86,6.041
16.86167,5.975
16.86333,5.91
16.865,5.846
16.86667,5.795
16.86833,5.719
16.87,5.658
16.87167,5.598
16.87333,5.538
16.875,5.491
16.87667,5.423
16.87833,5.366
16.88,5.311
16.88167,5.253
16.88333,5.209
16.885,5.144
16.88667,5.093
16.88833,5.041
16.89,4.988
16.89167,4.947
16.89333,4.889
16.895,4.839
16.89667,4.792
16.89833,4.745
16.9,4.707
16.90167,4.651
16.90333,4.606
16.905,4.562
16.90667,4.519
16.90833,4.484
16.91,4.433
16.91167,4.392
16.91333,4.35
16.915,4.307
16.91667,4.274
16.91833,4.226
16.92,4.185
16.92167,4.145
16.92333,4.106
16.925,4.077
16.92667,4.034
16.92833,3.997
16.93,3.959
16.93167,3.926
16.93333,3.898
16.935,3.856
16.93667,3.82
16.93833,3.787
16.94,3.75
16.94167,3.723
16.94333,3.684
16.945,3.651
16.94667,3.62
16.94833,3.588
16.95,3.565
16.95167,3.527
16.95333,3.497
16.955,3.469
16.95667,3.439
16.95833,3.419
16.96,3.382
16.96167,3.355
16.96333,3.328
16.965,3.3
16.96667,3.278
16.96833,3.245
16.97,3.217
16.97167,3.19
16.97333,3.163
16.975,3.143
16.97667,3.114
16.97833,3.09
16.98,3.066
16.98167,3.043
16.98333,3.023
16.985,2.994
16.98667,2.97
16.98833,2.947
16.99,2.924
16.99167,2.905
16.99333,2.878
16.995,2.854
16.99667,2.831
16.99833,2.809
17,2.792
17.00167,2.767
17.00333,2.747
17.005,2.727
17.00667,2.707
17.00833,2.691
17.01,2.668
17.01167,2.649
17.01333,2.628
17.015,2.61
17.01667,2.594
17.01833,2.569
17.02,2.549
17.02167,2.532
17.02333,2.514
17.025,2.501
17.02667,2.479
17.02833,2.461
17.03,2.443
17.03167,2.426
17.03333,2.415
17.035,2.397
17.03667,2.379
17.03833,2.362
17.04,2.344
17.04167,2.331
17.04333,2.313
17.045,2.296
17.04667,2.279
17.04833,2.264
17.05,2.251
17.05167,2.234
17.05333,2.218
17.055,2.202
17.05667,2.189
17.05833,2.178
17.06,2.162
17.06167,2.146
17.06333,2.132
17.065,2.117
17.06667,2.107
17.06833,2.091
17.07,2.078
17.07167,2.063
17.07333,2.049
17.075,2.04
17.07667,2.024
17.07833,2.009
17.08,1.997
17.08167,1.984
17.08333,1.975
17.085,1.96
17.08667,1.948
17.08833,1.935
17.09,1.923
17.09167,1.912
17.09333,1.897
17.095,1.887
17.09667,1.875
17.09833,1.864
17.1,1.856
17.10167,1.843
17.10333,1.831
17.105,1.82
17.10667,1.808
17.10833,1.801
17.11,1.79
17.11167,1.78
17.11333,1.769
17.115,1.758
17.11667,1.749
17.11833,1.736
17.12,1.726
17.12167,1.714
17.12333,1.703
17.125,1.697
17.12667,1.685
17.12833,1.677
17.13,1.669
17.13167,1.66
17.13333,1.653
17.135,1.642
17.13667,1.631
17.13833,1.622
17.14,1.61
17.14167,1.601
17.14333,1.592
17.145,1.584
17.14667,1.575
17.14833,1.567
17.15,1.562
17.15167,1.552
17.15333,1.543
17.155,1.537
17.15667,1.529
17.15833,1.521
17.16,1.509
17.16167,1.5
17.16333,1.491
17.165,1.484
17.16667,1.478
17.16833,1.468
17.17,1.461
17.17167,1.453
17.17333,1.447
17.175,1.441
17.17667,1.431
17.17833,1.424
17.18,1.418
17.18167,1.411
17.18333,1.407
17.185,1.4
17.18667,1.394
17.18833,1.388
17.19,1.384
17.19167,1.378
17.19333,1.369
17.195,1.362
17.19667,1.355
17.19833,1.347
17.2,1.343
17.20167,1.333
17.20333,1.325
17.205,1.316
17.20667,1.307
17.20833,1.301
17.21,1.295
17.21167,1.29
17.21333,1.284
17.215,1.277
17.21667,1.271
17.21833,1.265
17.22,1.259
17.22167,1.254
17.22333,1.25
17.225,1.246
17.22667,1.239
17.22833,1.232
17.23,1.224
17.23167,1.22
17.23333,1.216
17.235,1.209
17.23667,1.204
17.23833,1.198
17.24,1.192
17.24167,1.186
17.24333,1.179
17.245,1.174
17.24667,1.168
17.24833,1.162
17.25,1.156
17.25167,1.152
17.25333,1.148
17.255,1.143
17.25667,1.137
17.25833,1.133
17.26,1.127
17.26167,1.123
17.26333,1.119
17.265,1.112
17.26667,1.107
17.26833,1.103
17.27,1.097
17.27167,1.092
17.27333,1.087
17.275,1.084
17.27667,1.079
17.27833,1.076
17.28,1.071
17.28167,1.066
17.28333,1.064
17.285,1.057
17.28667,1.051
17.28833,1.048
17.29,1.043
17.29167,1.038
17.29333,1.033
17.295,1.029
17.29667,1.022
17.29833,1.019
17.3,1.016
17.30167,1.012
17.30333,1.009
17.305,1.004
17.30667,1
17.30833,0.999
17.31,0.993
17.31167,0.988
17.31333,0.984
17.315,0.979
17.31667,0.977
17.31833,0.97
17.32,0.966
17.32167,0.962
17.32333,0.957
17.325,0.954
17.32667,0.949
17.32833,0.945
17.33,0.943
17.33167,0.939
17.33333,0.936
17.335,0.931
17.33667,0.926
17.33833,0.921
17.34,0.92
17.34167,0.917
17.34333,0.912
17.345,0.907
17.34667,0.904
17.34833,0.9
17.35,0.898
17.35167,0.891
17.35333,0.889
17.355,0.888
17.35667,0.887
17.35833,0.885
17.36,0.879
17.36167,0.875
17.36333,0.873
17.365,0.869
17.36667,0.865
17.36833,0.863
17.37,0.86
17.37167,0.855
17.37333,0.852
17.375,0.85
17.37667,0.847
17.37833,0.843
17.38,0.839
17.38167,0.835
17.38333,0.832
17.385,0.826
17.38667,0.823
17.38833,0.823
17.39,0.822
17.39167,0.82
17.39333,0.817
17.395,0.813
17.39667,0.81
17.39833,0.808
17.4,0.805
17.40167,0.802
17.40333,0.798
17.405,0.795
17.40667,0.793
17.40833,0.792
17.41,0.79
17.41167,0.785
17.41333,0.78
17.415,0.777
17.41667,0.776
17.41833,0.773
17.42,0.771
17.42167,0.767
17.42333,0.763
17.425,0.76
17.42667,0.757
17.42833,0.757
17.43,0.755
17.43167,0.753
17.43333,0.749
17.435,0.747
17.43667,0.745
17.43833,0.743
17.44,0.741
17.44167,0.739
17.44333,0.736
17.445,0.733
17.44667,0.73
17.44833,0.728
17.45,0.729
17.45167,0.725
17.45333,0.722
17.455,0.718
17.45667,0.715
17.45833,0.712
17.46,0.711
17.46167,0.709
17.46333,0.706
17.465,0.702
17.46667,0.699
17.46833,0.698
17.47,0.697
17.47167,0.694
17.47333,0.691
17.475,0.689
17.47667,0.686
17.47833,0.684
17.48,0.682
17.48167,0.681
17.48333,0.677
17.485,0.673
17.48667,0.668
17.48833,0.667
17.49,0.664
17.49167,0.662
17.49333,0.661
17.495,0.659
17.49667,0.656
17.49833,0.654
17.5,0.651
17.50167,0.648
17.50333,0.647
17.505,0.644
17.50667,0.643
17.50833,0.642
17.51,0.639
17.51167,0.639
17.51333,0.637
17.515,0.633
17.51667,0.632
17.51833,0.629
17.52,0.625
17.52167,0.621
17.52333,0.618
17.525,0.617
17.52667,0.616
17.52833,0.613
17.53,0.611
17.53167,0.607
17.53333,0.604
17.535,0.602
17.53667,0.598
17.53833,0.595
17.54,0.593
17.54167,0.591
17.54333,0.591
17.545,0.591
17.54667,0.588
17.54833,0.585
17.55,0.582
17.55167,0.579
17.55333,0.577
17.555,0.574
17.55667,0.571
17.55833,0.57
17.56,0.568
17.56167,0.565
17.56333,0.562
17.565,0.559
17.56667,0.557
17.56833,0.555
17.57,0.553
17.57167,0.553
17.57333,0.551
17.575,0.55
17.57667,0.548
17.57833,0.547
17.58,0.545
17.58167,0.544
17.58333,0.544
17.585,0.543
17.58667,0.539
17.58833,0.534
17.59,0.532
17.59167,0.532
17.59333,0.531
17.595,0.53
17.59667,0.528
17.59833,0.526
17.6,0.525
17.60167,0.523
17.60333,0.522
17.605,0.52
17.60667,0.517
17.60833,0.517
17.61,0.515
17.61167,0.514
17.61333,0.513
17.615,0.511
17.61667,0.508
17.61833,0.505
17.62,0.504
17.62167,0.501
17.62333,0.501
17.625,0.499
17.62667,0.496
17.62833,0.495
17.63,0.492
17.63167,0.491
17.63333,0.491
17.635,0.488
17.63667,0.488
17.63833,0.487
17.64,0.485
17.64167,0.482
17.64333,0.482
17.645,0.482
17.64667,0.481
17.64833,0.48
17.65,0.478
17.65167,0.475
17.65333,0.474
17.655,0.474
17.65667,0.473
17.65833,0.472
17.66,0.469
17.66167,0.468
17.66333,0.467
17.665,0.465
17.66667,0.465
17.66833,0.464
17.67,0.463
17.67167,0.46
17.67333,0.457
17.675,0.457
17.67667,0.456
17.67833,0.454
17.68,0.454
17.68167,0.452
17.68333,0.452
17.685,0.45
17.68667,0.45
17.68833,0.45
17.69,0.447
17.69167,0.446
17.69333,0.444
17.695,0.444
17.69667,0.443
17.69833,0.441
17.7,0.442
17.70167,0.441
17.70333,0.439
17.705,0.436
17.70667,0.436
17.70833,0.436
17.71,0.432
17.71167,0.432
17.71333,0.432
17.715,0.432
17.71667,0.431
17.71833,0.43
17.72,0.428
17.72167,0.427
17.72333,0.426
17.725,0.426
17.72667,0.424
17.72833,0.422
17.73,0.421
17.73167,0.42
17.73333,0.418
17.735,0.418
17.73667,0.418
17.73833,0.419
17.74,0.418
17.74167,0.417
17.74333,0.415
17.745,0.415
17.74667,0.413
17.74833,0.411
17.75,0.412
17.75167,0.411
17.75333,0.409
17.755,0.408
17.75667,0.406
17.75833,0.406
17.76,0.405
17.76167,0.405
17.76333,0.403
17.765,0.401
17.76667,0.399
17.76833,0.399
17.77,0.4
17.77167,0.4
17.77333,0.401
17.775,0.4
17.77667,0.398
17.77833,0.397
17.78,0.395
17.78167,0.394
17.78333,0.392
17.785,0.39
17.78667,0.388
17.78833,0.388
17.79,0.387
17.79167,0.389
17.79333,0.388
17.795,0.387
17.79667,0.385
17.79833,0.384
17.8,0.383
17.80167,0.382
17.80333,0.382
17.805,0.382
17.80667,0.382
17.80833,0.381
17.81,0.38
17.81167,0.38
17.81333,0.378
17.815,0.378
17.81667,0.378
17.81833,0.379
17.82,0.379
17.82167,0.375
17.82333,0.375
17.825,0.376
17.82667,0.375
17.82833,0.373
17.83,0.371
17.83167,0.371
17.83333,0.371
17.835,0.37
17.83667,0.368
17.83833,0.368
17.84,0.366
17.84167,0.366
17.84333,0.363
17.845,0.363
17.84667,0.363
17.84833,0.362
17.85,0.362
17.85167,0.361
17.85333,0.362
17.855,0.361
17.85667,0.36
17.85833,0.36
17.86,0.359
17.86167,0.359
17.86333,0.36
17.865,0.36
17.86667,0.36
17.86833,0.359
17.87,0.358
17.87167,0.359
17.87333,0.359
17.875,0.358
17.87667,0.354
17.87833,0.353
17.88,0.354
17.88167,0.351
17.88333,0.351
17.885,0.353
17.88667,0.35
17.88833,0.35
17.89,0.347
17.89167,0.345
17.89333,0.341
17.895,0.342
17.89667,0.341
17.89833,0.341
17.9,0.343
17.90167,0.343
17.90333,0.344
17.905,0.344
17.90667,0.343
17.90833,0.341
17.91,0.336
17.91167,0.334
17.91333,0.332
17.915,0.332
17.91667,0.333
17.91833,0.334
17.92,0.332
17.92167,0.333
17.92333,0.333
17.925,0.333
17.92667,0.333
17.92833,0.333
17.93,0.333
17.93167,0.329
17.93333,0.328
17.935,0.328
17.93667,0.329
17.93833,0.328
17.94,0.325
17.94167,0.325
17.94333,0.324
17.945,0.325
17.94667,0.325
17.94833,0.323
17.95,0.322
17.95167,0.322
17.95333,0.322
17.955,0.321
17.95667,0.319
17.95833,0.318
17.96,0.318
17.96167,0.318
17.96333,0.319
17.965,0.319
17.96667,0.318
17.96833,0.317
17.97,0.316
17.97167,0.315
17.97333,0.313
17.975,0.312
17.97667,0.313
17.97833,0.314
17.98,0.314
17.98167,0.313
17.98333,0.313
17.985,0.311
17.98667,0.311
17.98833,0.31
17.99,0.308
17.99167,0.31
17.99333,0.308
17.995,0.308
17.99667,0.308
17.99833,0.307
18,0.307
18.00167,0.305
18.00333,0.304
18.005,0.303
18.00667,0.302
18.00833,0.303
18.01,0.303
18.01167,0.302
18.01333,0.303
18.015,0.304
18.01667,0.304
18.01833,0.303
18.02,0.302
18.02167,0.301
18.02333,0.301
18.025,0.3
18.02667,0.298
18.02833,0.298
18.03,0.298
18.03167,0.296
18.03333,0.296
18.035,0.296
18.03667,0.294
18.03833,0.295
18.04,0.291
18.04167,0.291
18.04333,0.293
18.045,0.294
18.04667,0.293
18.04833,0.291
18.05,0.291
18.05167,0.289
18.05333,0.287
18.055,0.286
18.05667,0.285
18.05833,0.286
18.06,0.286
18.06167,0.286
18.06333,0.286
18.065,0.287
18.06667,0.287
18.06833,0.287
18.07,0.285
18.07167,0.284
18.07333,0.284
18.075,0.284
18.07667,0.284
18.07833,0.285
18.08,0.286
18.08167,0.284
18.08333,0.283
18.085,0.282
18.08667,0.282
18.08833,0.281
18.09,0.283
18.09167,0.283
18.09333,0.281
18.095,0.28
18.09667,0.28
18.09833,0.279
18.1,0.278
18.10167,0.277
18.10333,0.279
18.105,0.28
18.10667,0.28
18.10833,0.279
18.11,0.279
18.11167,0.277
18.11333,0.276
18.115,0.275
18.11667,0.275
18.11833,0.273
18.12,0.274
18.12167,0.274
18.12333,0.275
18.125,0.276
18.12667,0.277
18.12833,0.276
18.13,0.274
18.13167,0.274
18.13333,0.273
18.135,0.273
18.13667,0.273
18.13833,0.273
18.14,0.272
18.14167,0.27
18.14333,0.265
18.145,0.266
18.14667,0.265
18.14833,0.266
18.15,0.265
18.15167,0.264
18.15333,0.263
18.155,0.261
18.15667,0.262
18.15833,0.263
18.16,0.263
18.16167,0.263
18.16333,0.264
18.165,0.265
18.16667,0.266
18.16833,0.268
18.17,0.269
18.17167,0.268
18.17333,0.266
18.175,0.265
18.17667,0.264
18.17833,0.263
18.18,0.263
18.18167,0.261
18.18333,0.26
18.185,0.262
18.18667,0.262
18.18833,0.262
18.19,0.261
18.19167,0.261
18.19333,0.259
18.195,0.258
18.19667,0.258
18.19833,0.256
18.2,0.255
18.20167,0.254
18.20333,0.254
18.205,0.253
18.20667,0.254
18.20833,0.254
18.21,0.253
18.21167,0.254
18.21333,0.255
18.215,0.256
18.21667,0.255
18.21833,0.256
18.22,0.256
18.22167,0.255
18.22333,0.253
18.225,0.253
18.22667,0.253
18.22833,0.253
18.23,0.252
18.23167,0.253
18.23333,0.253
18.235,0.254
18.23667,0.253
18.23833,0.253
18.24,0.255
18.24167,0.255
18.24333,0.252
18.245,0.25
18.24667,0.251
18.24833,0.251
18.25,0.251
18.25167,0.252
18.25333,0.251
18.255,0.25
18.25667,0.251
18.25833,0.252
18.26,0.252
18.26167,0.252
18.26333,0.251
18.265,0.25
18.26667,0.251
18.26833,0.251
18.27,0.25
18.27167,0.251
18.27333,0.25
18.275,0.249
18.27667,0.249
18.27833,0.248
18.28,0.247
18.28167,0.248
18.28333,0.247
18.285,0.246
18.28667,0.244
18.28833,0.244
18.29,0.244
18.29167,0.243
18.29333,0.243
18.295,0.244
18.29667,0.244
18.29833,0.243
18.3,0.242
18.30167,0.24
18.30333,0.24
18.305,0.241
18.30667,0.24
18.30833,0.24
18.31,0.238
18.31167,0.235
18.31333,0.236
18.315,0.235
18.31667,0.235
18.31833,0.235
18.32,0.237
18.32167,0.238
18.32333,0.238
18.325,0.239
18.32667,0.238
18.32833,0.238
18.33,0.238
18.33167,0.239
18.33333,0.239
18.335,0.241
18.33667,0.237
18.33833,0.237
18.34,0.237
18.34167,0.237
18.34333,0.235
18.345,0.234
18.34667,0.235
18.34833,0.237
18.35,0.236
18.35167,0.237
18.35333,0.237
18.355,0.238
18.35667,0.237
18.35833,0.234
18.36,0.233
18.36167,0.234
18.36333,0.234
18.365,0.235
18.36667,0.233
18.36833,0.232
18.37,0.231
18.37167,0.23
18.37333,0.23
18.375,0.229
18.37667,0.23
18.37833,0.229
18.38,0.227
18.38167,0.227
18.38333,0.228
18.385,0.226
18.38667,0.225
18.38833,0.224
18.39,0.225
18.39167,0.226
18.39333,0.228
18.395,0.228
18.39667,0.23
18.39833,0.23
18.4,0.229
18.40167,0.228
18.40333,0.226
18.405,0.226
18.40667,0.226
18.40833,0.228
18.41,0.23
18.41167,0.231
18.41333,0.23
18.415,0.229
18.41667,0.23
18.41833,0.228
18.42,0.23
18.42167,0.23
18.42333,0.229
18.425,0.227
18.42667,0.226
18.42833,0.226
18.43,0.226
18.43167,0.226
18.43333,0.226
18.435,0.227
18.43667,0.227
18.43833,0.228
18.44,0.229
18.44167,0.231
18.44333,0.231
18.445,0.232
18.44667,0.231
18.44833,0.23
18.45,0.23
18.45167,0.23
18.45333,0.229
18.455,0.228
18.45667,0.227
18.45833,0.228
18.46,0.226
18.46167,0.226
18.46333,0.228
18.465,0.229
18.46667,0.228
18.46833,0.225
18.47,0.225
18.47167,0.225
18.47333,0.225
18.475,0.223
18.47667,0.221
18.47833,0.222
18.48,0.222
18.48167,0.221
18.48333,0.221
18.485,0.222
18.48667,0.222
18.48833,0.222
18.49,0.224
18.49167,0.224
18.49333,0.222
18.495,0.221
18.49667,0.221
18.49833,0.22
18.5,0.22
18.50167,0.22
18.50333,0.22
18.505,0.22
18.50667,0.22
18.50833,0.22
18.51,0.22
18.51167,0.22
18.51333,0.221
18.515,0.22
18.51667,0.219
18.51833,0.217
18.52,0.217
18.52167,0.219
18.52333,0.218
18.525,0.22
18.52667,0.219
18.52833,0.22
18.53,0.221
18.53167,0.221
18.53333,0.221
18.535,0.221
18.53667,0.22
18.53833,0.22
18.54,0.219
18.54167,0.219
18.54333,0.217
18.545,0.217
18.54667,0.217
18.54833,0.217
18.55,0.217
18.55167,0.217
18.55333,0.216
18.555,0.216
18.55667,0.217
18.55833,0.217
18.56,0.219
18.56167,0.218
18.56333,0.217
18.565,0.215
18.56667,0.215
18.56833,0.216
18.57,0.216
18.57167,0.215
18.57333,0.213
18.575,0.214
18.57667,0.213
18.57833,0.212
18.58,0.212
18.58167,0.211
18.58333,0.21
18.585,0.21
18.58667,0.21
18.58833,0.211
18.59,0.211
18.59167,0.211
18.59333,0.21
18.595,0.208
18.59667,0.208
18.59833,0.208
18.6,0.208
18.60167,0.211
18.60333,0.21
18.605,0.21
18.60667,0.21
18.60833,0.21
18.61,0.21
18.61167,0.208
18.61333,0.209
18.615,0.21
18.61667,0.211
18.61833,0.213
18.62,0.213
18.62167,0.212
18.62333,0.211
18.625,0.211
18.62667,0.21
18.62833,0.212
18.63,0.21
18.63167,0.207
18.63333,0.207
18.635,0.209
18.63667,0.209
18.63833,0.211
18.64,0.21
18.64167,0.209
18.64333,0.208
18.645,0.207
18.64667,0.206
18.64833,0.206
18.65,0.206
18.65167,0.209
18.65333,0.21
18.655,0.206
18.65667,0.206
18.65833,0.206
18.66,0.206
18.66167,0.206
18.66333,0.207
18.665,0.21
18.66667,0.21
18.66833,0.211
18.67,0.211
18.67167,0.211
18.67333,0.21
18.675,0.209
18.67667,0.209
18.67833,0.209
18.68,0.207
18.68167,0.208
18.68333,0.207
18.685,0.207
18.68667,0.207
18.68833,0.207
18.69,0.208
18.69167,0.21
18.69333,0.21
18.695,0.21
18.69667,0.208
18.69833,0.208
18.7,0.206
18.70167,0.204
18.70333,0.205
18.705,0.206
18.70667,0.206
18.70833,0.207
18.71,0.206
18.71167,0.205
18.71333,0.206
18.715,0.206
18.71667,0.205
18.71833,0.206
18.72,0.206
18.72167,0.207
18.72333,0.207
18.725,0.205
18.72667,0.204
18.72833,0.204
18.73,0.203
18.73167,0.206
18.73333,0.206
18.735,0.206
18.73667,0.204
18.73833,0.203
18.74,0.205
18.74167,0.204
18.74333,0.202
18.745,0.202
18.74667,0.2
18.74833,0.201
18.75,0.2
18.75167,0.201
18.75333,0.202
18.755,0.203
18.75667,0.202
18.75833,0.202
18.76,0.202
18.76167,0.204
18.76333,0.204
18.765,0.204
18.76667,0.203
18.76833,0.201
18.77,0.201
18.77167,0.202
18.77333,0.203
18.775,0.201
18.77667,0.201
18.77833,0.201
18.78,0.201
18.78167,0.201
18.78333,0.2
18.785,0.2
18.78667,0.2
18.78833,0.201
18.79,0.2
18.79167,0.197
18.79333,0.197
18.795,0.197
18.79667,0.197
18.79833,0.196
18.8,0.197
18.80167,0.197
18.80333,0.197
18.805,0.198
18.80667,0.199
18.80833,0.198
18.81,0.197
18.81167,0.197
18.81333,0.197
18.815,0.196
18.81667,0.196
18.81833,0.195
18.82,0.193
18.82167,0.195
18.82333,0.195
18.825,0.194
18.82667,0.195
18.82833,0.195
18.83,0.197
18.83167,0.196
18.83333,0.196
18.835,0.194
18.83667,0.193
18.83833,0.194
18.84,0.194
18.84167,0.196
18.84333,0.193
18.845,0.193
18.84667,0.192
18.84833,0.19
18.85,0.19
18.85167,0.193
18.85333,0.194
18.855,0.195
18.85667,0.194
18.85833,0.193
18.86,0.194
18.86167,0.194
18.86333,0.194
18.865,0.193
18.86667,0.193
18.86833,0.193
18.87,0.193
18.87167,0.193
18.87333,0.193
18.875,0.192
18.87667,0.189
18.87833,0.19
18.88,0.194
18.88167,0.195
18.88333,0.195
18.885,0.194
18.88667,0.195
18.88833,0.197
18.89,0.195
18.89167,0.195
18.89333,0.193
18.895,0.193
18.89667,0.193
18.89833,0.194
18.9,0.193
18.90167,0.192
18.90333,0.192
18.905,0.194
18.90667,0.193
18.90833,0.193
18.91,0.193
18.91167,0.193
18.91333,0.194
18.915,0.193
18.91667,0.192
18.91833,0.19
18.92,0.191
18.92167,0.19
18.92333,0.19
18.925,0.191
18.92667,0.192
18.92833,0.193
18.93,0.192
18.93167,0.19
18.93333,0.19
18.935,0.19
18.93667,0.192
18.93833,0.19
18.94,0.19
18.94167,0.189
18.94333,0.188
18.945,0.189
18.94667,0.19
18.94833,0.189
18.95,0.191
18.95167,0.191
18.95333,0.191
18.955,0.191
18.95667,0.19
18.95833,0.19
18.96,0.19
18.96167,0.189
18.96333,0.187
18.965,0.187
18.96667,0.187
18.96833,0.186
18.97,0.186
18.97167,0.188
18.97333,0.19
18.975,0.189
18.97667,0.189
18.97833,0.189
18.98,0.189
18.98167,0.19
18.98333,0.19
18.985,0.19
18.98667,0.189
18.98833,0.189
18.99,0.191
18.99167,0.191
18.99333,0.191
18.995,0.19
18.99667,0.189
18.99833,0.187
19,0.186
19.00167,0.186
19.00333,0.184
19.005,0.184
19.00667,0.186
19.00833,0.187
19.01,0.187
19.01167,0.189
19.01333,0.187
19.015,0.189
19.01667,0.187
19.01833,0.187
19.02,0.19
19.02167,0.19
19.02333,0.19
19.025,0.189
19.02667,0.188
19.02833,0.187
19.03,0.187
19.03167,0.187
19.03333,0.186
19.035,0.184
19.03667,0.183
19.03833,0.182
19.04,0.18
19.04167,0.178
19.04333,0.179
19.045,0.18
19.04667,0.18
19.04833,0.18
19.05,0.181
19.05167,0.182
19.05333,0.182
19.055,0.183
19.05667,0.184
19.05833,0.185
19.06,0.187
19.06167,0.186
19.06333,0.185
19.065,0.186
19.06667,0.186
19.06833,0.183
19.07,0.181
19.07167,0.182
19.07333,0.182
19.075,0.18
19.07667,0.181
19.07833,0.182
19.08,0.18
19.08167,0.18
19.08333,0.183
19.085,0.183
19.08667,0.183
19.08833,0.184
19.09,0.184
19.09167,0.184
19.09333,0.183
19.095,0.184
19.09667,0.183
19.09833,0.182
19.1,0.181
19.10167,0.181
19.10333,0.182
19.105,0.181
19.10667,0.181
19.10833,0.18
19.11,0.178
19.11167,0.178
19.11333,0.179
19.115,0.179
19.11667,0.179
19.11833,0.177
19.12,0.177
19.12167,0.177
19.12333,0.178
19.125,0.18
19.12667,0.184
19.12833,0.182
19.13,0.182
19.13167,0.181
19.13333,0.181
19.135,0.179
19.13667,0.179
19.13833,0.177
19.14,0.178
19.14167,0.179
19.14333,0.176
19.145,0.175
19.14667,0.174
19.14833,0.174
19.15,0.175
19.15167,0.176
19.15333,0.177
19.155,0.178
19.15667,0.178
19.15833,0.177
19.16,0.176
19.16167,0.177
19.16333,0.176
19.165,0.176
19.16667,0.176
19.16833,0.178
19.17,0.179
19.17167,0.179
19.17333,0.179
19.175,0.178
19.17667,0.177
19.17833,0.176
19.18,0.177
19.18167,0.175
19.18333,0.176
19.185,0.176
19.18667,0.176
19.18833,0.176
19.19,0.175
19.19167,0.176
19.19333,0.176
19.195,0.175
19.19667,0.175
19.19833,0.174
19.2,0.174
19.20167,0.174
19.20333,0.174
19.205,0.174
19.20667,0.175
19.20833,0.175
19.21,0.174
19.21167,0.174
19.21333,0.175
19.215,0.174
19.21667,0.172
19.21833,0.172
19.22,0.172
19.22167,0.174
19.22333,0.175
19.225,0.175
19.22667,0.176
19.22833,0.175
19.23,0.176
19.23167,0.178
19.23333,0.178
19.235,0.178
19.23667,0.178
19.23833,0.178
19.24,0.179
19.24167,0.179
19.24333,0.176
19.245,0.175
19.24667,0.175
19.24833,0.174
19.25,0.175
19.25167,0.176
19.25333,0.176
19.255,0.176
19.25667,0.177
19.25833,0.177
19.26,0.175
19.26167,0.174
19.26333,0.175
19.265,0.174
19.26667,0.175
19.26833,0.173
19.27,0.175
19.27167,0.174
19.27333,0.175
19.275,0.173
19.27667,0.173
19.27833,0.175
19.28,0.176
19.28167,0.175
19.28333,0.173
19.285,0.172
19.28667,0.173
19.28833,0.172
19.29,0.174
19.29167,0.172
19.29333,0.173
19.295,0.174
19.29667,0.174
19.29833,0.174
19.3,0.172
19.30167,0.172
19.30333,0.173
19.305,0.172
19.30667,0.172
19.30833,0.171
19.31,0.171
19.31167,0.171
19.31333,0.17
19.315,0.171
19.31667,0.171
19.31833,0.171
19.32,0.173
19.32167,0.171
19.32333,0.17
19.325,0.17
19.32667,0.17
19.32833,0.169
19.33,0.169
19.33167,0.169
19.33333,0.169
19.335,0.169
19.33667,0.17
19.33833,0.17
19.34,0.17
19.34167,0.169
19.34333,0.168
19.345,0.166
19.34667,0.167
19.34833,0.167
19.35,0.167
19.35167,0.168
19.35333,0.167
19.355,0.167
19.35667,0.167
19.35833,0.167
19.36,0.167
19.36167,0.167
19.36333,0.167
19.365,0.166
19.36667,0.167
19.36833,0.168
19.37,0.168
19.37167,0.166
19.37333,0.164
19.375,0.165
19.37667,0.165
19.37833,0.165
19.38,0.165
19.38167,0.167
19.38333,0.169
19.385,0.169
19.38667,0.168
19.38833,0.168
19.39,0.167
19.39167,0.168
19.39333,0.165
19.395,0.165
19.39667,0.165
19.39833,0.165
19.4,0.165
19.40167,0.165
19.40333,0.165
19.405,0.163
19.40667,0.164
19.40833,0.164
19.41,0.163
19.41167,0.164
19.41333,0.164
19.415,0.166
19.41667,0.165
19.41833,0.164
19.42,0.165
19.42167,0.167
19.42333,0.168
19.425,0.168
19.42667,0.167
19.42833,0.164
19.43,0.163
19.43167,0.163
19.43333,0.163
19.435,0.163
19.43667,0.164
19.43833,0.165
19.44,0.165
19.44167,0.165
19.44333,0.165
19.445,0.164
19.44667,0.165
19.44833,0.166
19.45,0.165
19.45167,0.165
19.45333,0.164
19.455,0.164
19.45667,0.165
19.45833,0.164
19.46,0.164
19.46167,0.165
19.46333,0.167
19.465,0.167
19.46667,0.167
19.46833,0.167
19.47,0.165
19.47167,0.165
19.47333,0.164
19.475,0.163
19.47667,0.163
19.47833,0.161
19.48,0.161
19.48167,0.163
19.48333,0.164
19.485,0.164
19.48667,0.166
19.48833,0.165
19.49,0.162
19.49167,0.162
19.49333,0.16
19.495,0.16
19.49667,0.161
19.49833,0.161
19.5,0.161
19.50167,0.16
19.50333,0.162
19.505,0.162
19.50667,0.164
19.50833,0.163
19.51,0.164
19.51167,0.165
19.51333,0.164
19.515,0.163
19.51667,0.163
19.51833,0.163
19.52,0.165
19.52167,0.167
19.52333,0.166
19.525,0.166
19.52667,0.164
19.52833,0.163
19.53,0.161
19.53167,0.16
19.53333,0.16
19.535,0.16
19.53667,0.159
19.53833,0.158
19.54,0.158
19.54167,0.159
19.54333,0.158
19.545,0.161
19.54667,0.161
19.54833,0.159
19.55,0.159
19.55167,0.161
19.55333,0.161
19.555,0.161
19.55667,0.162
19.55833,0.16
19.56,0.161
19.56167,0.161
19.56333,0.16
19.565,0.161
19.56667,0.16
19.56833,0.163
19.57,0.163
19.57167,0.164
19.57333,0.164
19.575,0.163
19.57667,0.161
19.57833,0.163
19.58,0.161
19.58167,0.161
19.58333,0.161
19.585,0.161
19.58667,0.16
19.58833,0.159
19.59,0.159
19.59167,0.159
19.59333,0.158
19.595,0.157
19.59667,0.156
19.59833,0.155
19.6,0.153
19.60167,0.153
19.60333,0.154
19.605,0.153
19.60667,0.154
19.60833,0.154
19.61,0.154
19.61167,0.154
19.61333,0.156
19.615,0.159
19.61667,0.16
19.61833,0.16
19.62,0.161
19.62167,0.16
19.62333,0.16
19.625,0.161
19.62667,0.161
19.62833,0.162
19.63,0.163
19.63167,0.161
19.63333,0.162
19.635,0.161
19.63667,0.16
19.63833,0.16
19.64,0.159
19.64167,0.159
19.64333,0.159
19.645,0.158
19.64667,0.156
19.64833,0.157
19.65,0.158
19.65167,0.158
19.65333,0.159
19.655,0.159
19.65667,0.158
19.65833,0.157
19.66,0.158
19.66167,0.16
19.66333,0.161
19.665,0.16
19.66667,0.16
19.66833,0.16
19.67,0.16
19.67167,0.16
19.67333,0.159
19.675,0.158
19.67667,0.158
19.67833,0.158
19.68,0.157
19.68167,0.156
19.68333,0.156
19.685,0.156
19.68667,0.155
19.68833,0.154
19.69,0.154
19.69167,0.153
19.69333,0.153
19.695,0.153
19.69667,0.154
19.69833,0.156
19.7,0.156
19.70167,0.157
19.70333,0.159
19.705,0.16
19.70667,0.158
19.70833,0.157
19.71,0.158
19.71167,0.157
19.71333,0.158
19.715,0.157
19.71667,0.156
19.71833,0.154
19.72,0.154
19.72167,0.155
19.72333,0.156
19.725,0.154
19.72667,0.155
19.72833,0.155
19.73,0.155
19.73167,0.155
19.73333,0.154
19.735,0.153
19.73667,0.153
19.73833,0.154
19.74,0.157
19.74167,0.156
19.74333,0.153
19.745,0.153
19.74667,0.153
19.74833,0.154
19.75,0.152
19.75167,0.152
19.75333,0.152
19.755,0.15
19.75667,0.152
19.75833,0.152
19.76,0.153
19.76167,0.153
19.76333,0.154
19.765,0.154
19.76667,0.154
19.76833,0.155
19.77,0.155
19.77167,0.157
19.77333,0.157
19.775,0.157
19.77667,0.157
19.77833,0.156
19.78,0.156
19.78167,0.154
19.78333,0.156
19.785,0.156
19.78667,0.157
19.78833,0.159
19.79,0.159
19.79167,0.159
19.79333,0.159
19.795,0.159
19.79667,0.16
19.79833,0.159
19.8,0.158
19.80167,0.158
19.80333,0.158
19.805,0.157
19.80667,0.157
19.80833,0.157
19.81,0.159
19.81167,0.161
19.81333,0.162
19.815,0.163
19.81667,0.163
19.81833,0.167
19.82,0.17
19.82167,0.171
19.82333,0.173
19.825,0.175
19.82667,0.18
19.82833,0.183
19.83,0.184
19.83167,0.188
19.83333,0.191
19.835,0.197
19.83667,0.2
19.83833,0.203
19.84,0.208
19.84167,0.214
19.84333,0.22
19.845,0.225
19.84667,0.233
19.84833,0.241
19.85,0.249
19.85167,0.258
19.85333,0.267
19.855,0.277
19.85667,0.288
19.85833,0.297
19.86,0.312
19.86167,0.328
19.86333,0.347
19.865,0.365
19.86667,0.378
19.86833,0.4
19.87,0.422
19.87167,0.446
19.87333,0.471
19.875,0.492
19.87667,0.524
19.87833,0.555
19.88,0.587
19.88167,0.62
19.88333,0.648
19.885,0.695
19.88667,0.733
19.88833,0.776
19.89,0.822
19.89167,0.859
19.89333,0.917
19.895,0.97
19.89667,1.026
19.89833,1.083
19.9,1.131
19.90167,1.207
19.90333,1.273
19.905,1.342
19.90667,1.414
19.90833,1.466
19.91,1.567
19.91167,1.646
19.91333,1.728
19.915,1.813
19.91667,1.876
19.91833,1.993
19.92,2.087
19.92167,2.182
19.92333,2.281
19.925,2.36
19.92667,2.485
19.92833,2.589
19.93,2.696
19.93167,2.805
19.93333,2.893
19.935,3.03
19.93667,3.143
19.93833,3.259
19.94,3.377
19.94167,3.459
19.94333,3.614
19.945,3.734
19.94667,3.854
19.94833,3.974
19.95,4.069
19.95167,4.211
19.95333,4.333
19.955,4.454
19.95667,4.572
19.95833,4.669
19.96,4.809
19.96167,4.923
19.96333,5.037
19.965,5.149
19.96667,5.226
19.96833,5.371
19.97,5.481
19.97167,5.589
19.97333,5.695
19.975,5.769
19.97667,5.901
19.97833,5.998
19.98,6.094
19.98167,6.19
19.98333,6.263
19.985,6.371
19.98667,6.457
19.98833,6.543
19.99,6.627
19.99167,6.689
19.99333,6.783
19.995,6.859
19.99667,6.932
19.99833,7.003
20,7.057
20.00167,7.135
20.00333,7.198
20.005,7.259
20.00667,7.317
20.00833,7.361
20.01,7.426
20.01167,7.478
20.01333,7.527
20.015,7.572
20.01667,7.606
20.01833,7.657
20.02,7.702
20.02167,7.742
20.02333,7.78
20.025,7.809
20.02667,7.848
20.02833,7.879
20.03,7.908
20.03167,7.935
20.03333,7.956
20.035,7.986
20.03667,8.01
20.03833,8.032
20.04,8.048
20.04167,8.064
20.04333,8.086
20.045,8.103
20.04667,8.117
20.04833,8.131
20.05,8.141
20.05167,8.157
20.05333,8.167
20.055,8.176
20.05667,8.184
20.05833,8.187
20.06,8.196
20.06167,8.203
20.06333,8.207
20.065,8.209
20.06667,8.211
20.06833,8.213
20.07,8.215
20.07167,8.216
20.07333,8.214
20.075,8.213
20.07667,8.211
20.07833,8.209
20.08,8.206
20.08167,8.202
20.08333,8.199
20.085,8.192
20.08667,8.185
20.08833,8.177
20.09,8.17
20.09167,8.166
20.09333,8.158
20.095,8.149
20.09667,8.139
20.09833,8.129
20.1,8.122
20.10167,8.107
20.10333,8.097
20.105,8.087
20.10667,8.076
20.10833,8.066
20.11,8.05
20.11167,8.039
20.11333,8.029
20.115,8.016
20.11667,8.005
20.11833,7.989
20.12,7.975
20.12167,7.963
20.12333,7.949
20.125,7.939
20.12667,7.923
20.12833,7.909
20.13,7.892
20.13167,7.876
20.13333,7.863
20.135,7.844
20.13667,7.827
20.13833,7.812
20.14,7.797
20.14167,7.785
20.14333,7.763
20.145,7.744
20.14667,7.725
20.14833,7.708
20.15,7.692
20.15167,7.671
20.15333,7.652
20.155,7.637
20.15667,7.62
20.15833,7.606
20.16,7.582
20.16167,7.561
20.16333,7.543
20.165,7.523
20.16667,7.512
20.16833,7.49
20.17,7.473
20.17167,7.454
20.17333,7.435
20.175,7.42
20.17667,7.398
20.17833,7.379
20.18,7.36
20.18167,7.342
20.18333,7.327
20.185,7.304
20.18667,7.284
20.18833,7.264
20.19,7.245
20.19167,7.229
20.19333,7.205
20.195,7.186
20.19667,7.166
20.19833,7.145
20.2,7.128
20.20167,7.103
20.20333,7.084
20.205,7.066
20.20667,7.046
20.20833,7.03
20.21,7.006
20.21167,6.986
20.21333,6.966
20.215,6.946
20.21667,6.93
20.21833,6.905
20.22,6.883
20.22167,6.862
20.22333,6.84
20.225,6.824
20.22667,6.798
20.22833,6.778
20.23,6.758
20.23167,6.738
20.23333,6.722
20.235,6.699
20.23667,6.677
20.23833,6.658
20.24,6.639
20.24167,6.622
20.24333,6.598
20.245,6.576
20.24667,6.555
20.24833,6.537
20.25,6.521
20.25167,6.499
20.25333,6.481
20.255,6.46
20.25667,6.439
20.25833,6.424
20.26,6.4
20.26167,6.379
20.26333,6.359
20.265,6.34
20.26667,6.324
20.26833,6.298
20.27,6.277
20.27167,6.258
20.27333,6.237
20.275,6.22
20.27667,6.196
20.27833,6.176
20.28,6.155
20.28167,6.135
20.28333,6.118
20.285,6.093
20.28667,6.075
20.28833,6.055
20.29,6.035
20.29167,6.017
20.29333,5.994
20.295,5.975
20.29667,5.954
20.29833,5.934
20.3,5.917
20.30167,5.893
20.30333,5.871
20.305,5.852
20.30667,5.833
20.30833,5.82
20.31,5.797
20.31167,5.78
20.31333,5.759
20.315,5.737
20.31667,5.723
20.31833,5.698
20.32,5.677
20.32167,5.658
20.32333,5.64
20.325,5.625
20.32667,5.602
20.32833,5.584
20.33,5.564
20.33167,5.542
20.33333,5.527
20.335,5.505
20.33667,5.489
20.33833,5.471
20.34,5.449
20.34167,5.432
20.34333,5.408
20.345,5.39
20.34667,5.37
20.34833,5.353
20.35,5.338
20.35167,5.316
20.35333,5.295
20.355,5.274
20.35667,5.255
20.35833,5.241
20.36,5.217
20.36167,5.2
20.36333,5.181
20.365,5.162
20.36667,5.146
20.36833,5.123
20.37,5.105
20.37167,5.087
20.37333,5.07
20.375,5.056
20.37667,5.034
20.37833,5.015
20.38,4.998
20.38167,4.978
20.38333,4.964
20.385,4.939
20.38667,4.922
20.38833,4.905
20.39,4.886
20.39167,4.873
20.39333,4.854
20.395,4.834
20.39667,4.816
20.39833,4.797
20.4,4.783
20.40167,4.76
20.40333,4.743
20.405,4.724
20.40667,4.708
20.40833,4.694
20.41,4.672
20.41167,4.653
20.41333,4.634
20.415,4.616
20.41667,4.603
20.41833,4.582
20.42,4.564
20.42167,4.547
20.42333,4.531
20.425,4.518
20.42667,4.498
20.42833,4.481
20.43,4.463
20.43167,4.446
20.43333,4.433
20.435,4.413
20.43667,4.397
20.43833,4.38
20.44,4.363
20.44167,4.35
20.44333,4.33
20.445,4.314
20.44667,4.297
20.44833,4.28
20.45,4.267
20.45167,4.247
20.45333,4.23
20.455,4.214
20.45667,4.198
20.45833,4.185
20.46,4.166
20.46167,4.15
20.46333,4.134
20.465,4.117
20.46667,4.104
20.46833,4.084
20.47,4.068
20.47167,4.052
20.47333,4.036
20.475,4.02
20.47667,4
20.47833,3.984
20.48,3.968
20.48167,3.952
20.48333,3.941
20.485,3.922
20.48667,3.909
20.48833,3.893
20.49,3.876
20.49167,3.864
20.49333,3.844
20.495,3.828
20.49667,3.811
20.49833,3.795
20.5,3.785
20.50167,3.764
20.50333,3.748
20.505,3.734
20.50667,3.719
20.50833,3.707
20.51,3.69
20.51167,3.676
20.51333,3.661
20.515,3.647
20.51667,3.634
20.51833,3.617
20.52,3.602
20.52167,3.587
20.52333,3.573
20.525,3.561
20.52667,3.544
20.52833,3.528
20.53,3.514
20.53167,3.5
20.53333,3.49
20.535,3.472
20.53667,3.458
20.53833,3.445
20.54,3.431
20.54167,3.42
20.54333,3.402
20.545,3.388
20.54667,3.375
20.54833,3.361
20.55,3.35
20.55167,3.332
20.55333,3.316
20.555,3.301
20.55667,3.287
20.55833,3.279
20.56,3.265
20.56167,3.249
20.56333,3.235
20.565,3.221
20.56667,3.211
20.56833,3.195
20.57,3.182
20.57167,3.169
20.57333,3.156
20.575,3.144
20.57667,3.127
20.57833,3.113
20.58,3.102
20.58167,3.09
20.58333,3.079
20.585,3.063
20.58667,3.049
20.58833,3.034
20.59,3.022
20.59167,3.011
20.59333,2.995
20.595,2.982
20.59667,2.969
20.59833,2.956
20.6,2.945
20.60167,2.932
20.60333,2.919
20.605,2.906
20.60667,2.894
20.60833,2.884
20.61,2.87
20.61167,2.859
20.61333,2.846
20.615,2.834
20.61667,2.826
20.61833,2.813
20.62,2.801
20.62167,2.79
20.62333,2.776
20.625,2.766
20.62667,2.751
20.62833,2.739
20.63,2.726
20.63167,2.714
20.63333,2.705
20.635,2.692
20.63667,2.679
20.63833,2.667
20.64,2.655
20.64167,2.644
20.64333,2.631
20.645,2.617
20.64667,2.606
20.64833,2.595
20.65,2.586
20.65167,2.574
20.65333,2.561
20.655,2.549
20.65667,2.537
20.65833,2.528
20.66,2.515
20.66167,2.505
20.66333,2.493
20.665,2.483
20.66667,2.474
20.66833,2.46
20.67,2.45
20.67167,2.438
20.67333,2.427
20.675,2.417
20.67667,2.402
20.67833,2.392
20.68,2.381
20.68167,2.373
20.68333,2.364
20.685,2.351
20.68667,2.342
20.68833,2.333
20.69,2.322
20.69167,2.315
20.69333,2.302
20.695,2.292
20.69667,2.282
20.69833,2.273
20.7,2.267
20.70167,2.251
20.70333,2.241
20.705,2.229
20.70667,2.218
20.70833,2.21
20.71,2.198
20.71167,2.187
20.71333,2.176
20.715,2.167
20.71667,2.158
20.71833,2.148
20.72,2.14
20.72167,2.132
20.72333,2.125
20.725,2.116
20.72667,2.103
20.72833,2.094
20.73,2.084
20.73167,2.076
20.73333,2.07
20.735,2.058
20.73667,2.047
20.73833,2.035
20.74,2.025
20.74167,2.017
20.74333,2.006
20.745,1.996
20.74667,1.986
20.74833,1.977
20.75,1.971
20.75167,1.959
20.75333,1.949
20.755,1.942
20.75667,1.935
20.75833,1.927
20.76,1.915
20.76167,1.908
20.76333,1.901
20.765,1.892
20.76667,1.884
20.76833,1.875
20.77,1.864
20.77167,1.858
20.77333,1.85
20.775,1.843
20.77667,1.833
20.77833,1.826
20.78,1.817
20.78167,1.809
20.78333,1.803
20.785,1.793
20.78667,1.786
20.78833,1.776
20.79,1.766
20.79167,1.759
20.79333,1.75
20.795,1.74
20.79667,1.732
20.79833,1.722
20.8,1.716
20.80167,1.708
20.80333,1.702
20.805,1.695
20.80667,1.687
20.80833,1.68
20.81,1.671
20.81167,1.664
20.81333,1.656
20.815,1.648
20.81667,1.643
20.81833,1.634
20.82,1.625
20.82167,1.616
20.82333,1.607
20.825,1.601
20.82667,1.591
20.82833,1.583
20.83,1.577
20.83167,1.569
20.83333,1.565
20.835,1.555
20.83667,1.547
20.83833,1.54
20.84,1.533
20.84167,1.527
20.84333,1.518
20.845,1.514
20.84667,1.508
20.84833,1.503
20.85,1.497
20.85167,1.488
20.85333,1.481
20.855,1.474
20.85667,1.468
20.85833,1.462
20.86,1.453
20.86167,1.446
20.86333,1.439
20.865,1.432
20.86667,1.426
20.86833,1.42
20.87,1.415
20.87167,1.407
20.87333,1.401
20.875,1.394
20.87667,1.387
20.87833,1.38
20.88,1.374
20.88167,1.369
20.88333,1.364
20.885,1.357
20.88667,1.35
20.88833,1.344
20.89,1.336
20.89167,1.33
20.89333,1.323
20.895,1.316
20.89667,1.309
20.89833,1.303
20.9,1.3
20.90167,1.295
20.90333,1.291
20.905,1.285
20.90667,1.281
20.90833,1.275
20.91,1.266
20.91167,1.26
20.91333,1.253
20.915,1.248
20.91667,1.245
20.91833,1.238
20.92,1.231
20.92167,1.225
20.92333,1.22
20.925,1.215
20.92667,1.21
20.92833,1.203
20.93,1.197
20.93167,1.192
20.93333,1.187
20.935,1.181
20.93667,1.174
20.93833,1.169
20.94,1.163
20.94167,1.159
20.94333,1.151
20.945,1.145
20.94667,1.141
20.94833,1.135
20.95,1.132
20.95167,1.126
20.95333,1.123
20.955,1.119
20.95667,1.115
20.95833,1.109
20.96,1.102
20.96167,1.098
20.96333,1.094
20.965,1.09
20.96667,1.085
20.96833,1.079
20.97,1.077
20.97167,1.071
20.97333,1.066
20.975,1.062
20.97667,1.054
20.97833,1.05
20.98,1.045
20.98167,1.039
20.98333,1.035
20.985,1.03
20.98667,1.026
20.98833,1.023
20.99,1.017
20.99167,1.013
20.99333,1.007
20.995,1.004
20.99667,0.999
20.99833,0.995
21,0.99
21.00167,0.985
21.00333,0.982
21.005,0.979
21.00667,0.973
21.00833,0.969
21.01,0.964
21.01167,0.96
21.01333,0.956
21.015,0.95
21.01667,0.947
21.01833,0.943
21.02,0.938
21.02167,0.932
21.02333,0.93
21.025,0.928
21.02667,0.922
21.02833,0.915
21.03,0.91
21.03167,0.906
21.03333,0.903
21.035,0.898
21.03667,0.895
21.03833,0.892
21.04,0.888
21.04167,0.885
21.04333,0.879
21.045,0.875
21.04667,0.872
21.04833,0.867
21.05,0.865
21.05167,0.862
21.05333,0.858
21.055,0.855
21.05667,0.852
21.05833,0.851
21.06,0.847
21.06167,0.844
21.06333,0.837
21.065,0.834
21.06667,0.831
21.06833,0.826
21.07,0.823
21.07167,0.819
21.07333,0.814
21.075,0.812
21.07667,0.808
21.07833,0.803
21.08,0.8
21.08167,0.796
21.08333,0.795
21.085,0.791
21.08667,0.786
21.08833,0.782
21.09,0.778
21.09167,0.773
21.09333,0.768
21.095,0.767
21.09667,0.763
21.09833,0.761
21.1,0.759
21.10167,0.756
21.10333,0.754
21.105,0.751
21.10667,0.75
21.10833,0.747
21.11,0.744
21.11167,0.741
21.11333,0.738
21.115,0.736
21.11667,0.734
21.11833,0.731
21.12,0.728
21.12167,0.724
21.12333,0.722
21.125,0.72
21.12667,0.716
21.12833,0.713
21.13,0.711
21.13167,0.707
21.13333,0.705
21.135,0.701
21.13667,0.699
21.13833,0.694
21.14,0.691
21.14167,0.689
21.14333,0.685
21.145,0.682
21.14667,0.678
21.14833,0.676
21.15,0.675
21.15167,0.673
21.15333,0.67
21.155,0.666
21.15667,0.663
21.15833,0.659
21.16,0.656
21.16167,0.654
21.16333,0.65
21.165,0.648
21.16667,0.645
21.16833,0.643
21.17,0.643
21.17167,0.641
21.17333,0.637
21.175,0.636
21.17667,0.635
21.17833,0.632
21.18,0.63
21.18167,0.628
21.18333,0.625
21.185,0.621
21.18667,0.618
21.18833,0.618
21.19,0.617
21.19167,0.614
21.19333,0.611
21.195,0.609
21.19667,0.609
21.19833,0.606
21.2,0.604
21.20167,0.598
21.20333,0.594
21.205,0.592
21.20667,0.59
21.20833,0.59
21.21,0.587
21.21167,0.587
21.21333,0.584
21.215,0.581
21.21667,0.578
21.21833,0.575
21.22,0.571
21.22167,0.569
21.22333,0.567
21.225,0.568
21.22667,0.567
21.22833,0.566
21.23,0.564
21.23167,0.563
21.23333,0.561
21.235,0.558
21.23667,0.554
21.23833,0.552
21.24,0.549
21.24167,0.546
21.24333,0.544
21.245,0.544
21.24667,0.542
21.24833,0.539
21.25,0.538
21.25167,0.535
21.25333,0.533
21.255,0.531
21.25667,0.529
21.25833,0.528
21.26,0.526
21.26167,0.525
21.26333,0.525
21.265,0.525
21.26667,0.524
21.26833,0.521
21.27,0.518
21.27167,0.515
21.27333,0.512
21.275,0.511
21.27667,0.51
21.27833,0.511
21.28,0.509
21.28167,0.509
21.28333,0.508
21.285,0.508
21.28667,0.505
21.28833,0.502
21.29,0.5
21.29167,0.497
21.29333,0.496
21.295,0.494
21.29667,0.496
21.29833,0.495
21.3,0.494
21.30167,0.491
21.30333,0.489
21.305,0.485
21.30667,0.484
21.30833,0.482
21.31,0.481
21.31167,0.48
21.31333,0.478
21.315,0.476
21.31667,0.474
21.31833,0.471
21.32,0.469
21.32167,0.467
21.32333,0.466
21.325,0.465
21.32667,0.464
21.32833,0.463
21.33,0.461
21.33167,0.459
21.33333,0.459
21.335,0.455
21.33667,0.454
21.33833,0.453
21.34,0.452
21.34167,0.45
21.34333,0.449
21.345,0.448
21.34667,0.446
21.34833,0.446
21.35,0.446
21.35167,0.445
21.35333,0.442
21.355,0.441
21.35667,0.439
21.35833,0.438
21.36,0.436
21.36167,0.435
21.36333,0.433
21.365,0.431
21.36667,0.428
21.36833,0.428
21.37,0.428
21.37167,0.427
21.37333,0.425
21.375,0.423
21.37667,0.424
21.37833,0.424
21.38,0.422
21.38167,0.421
21.38333,0.419
21.385,0.416
21.38667,0.414
21.38833,0.414
21.39,0.413
21.39167,0.413
21.39333,0.413
21.395,0.412
21.39667,0.41
21.39833,0.409
21.4,0.408
21.40167,0.408
21.40333,0.407
21.405,0.405
21.40667,0.405
21.40833,0.405
21.41,0.406
21.41167,0.405
21.41333,0.401
21.415,0.398
21.41667,0.398
21.41833,0.398
21.42,0.399
21.42167,0.398
21.42333,0.398
21.425,0.396
21.42667,0.395
21.42833,0.395
21.43,0.392
21.43167,0.392
21.43333,0.392
21.435,0.39
21.43667,0.387
21.43833,0.386
21.44,0.387
21.44167,0.386
21.44333,0.386
21.445,0.384
21.44667,0.382
21.44833,0.377
21.45,0.377
21.45167,0.377
21.45333,0.376
21.455,0.376
21.45667,0.375
21.45833,0.376
21.46,0.376
21.46167,0.375
21.46333,0.372
21.465,0.373
21.46667,0.37
21.46833,0.368
21.47,0.367
21.47167,0.366
21.47333,0.365
21.475,0.364
21.47667,0.362
21.47833,0.36
21.48,0.359
21.48167,0.356
21.48333,0.355
21.485,0.353
21.48667,0.354
21.48833,0.355
21.49,0.355
21.49167,0.354
21.49333,0.352
21.495,0.349
21.49667,0.348
21.49833,0.348
21.5,0.348
21.50167,0.347
21.50333,0.345
21.505,0.344
21.50667,0.344
21.50833,0.344
21.51,0.342
21.51167,0.34
21.51333,0.341
21.515,0.34
21.51667,0.34
21.51833,0.338
21.52,0.336
21.52167,0.336
21.52333,0.337
21.525,0.336
21.52667,0.336
21.52833,0.336
21.53,0.335
21.53167,0.333
21.53333,0.332
21.535,0.331
21.53667,0.33
21.53833,0.328
21.54,0.327
21.54167,0.327
21.54333,0.327
21.545,0.327
21.54667,0.328
21.54833,0.328
21.55,0.326
21.55167,0.325
21.55333,0.324
21.555,0.323
21.55667,0.324
21.55833,0.323
21.56,0.323
21.56167,0.322
21.56333,0.321
21.565,0.319
21.56667,0.319
21.56833,0.316
21.57,0.316
21.57167,0.316
21.57333,0.316
21.575,0.316
21.57667,0.315
21.57833,0.314
21.58,0.314
21.58167,0.314
21.58333,0.314
21.585,0.314
21.58667,0.314
21.58833,0.313
21.59,0.313
21.59167,0.311
21.59333,0.311
21.595,0.311
21.59667,0.312
21.59833,0.311
21.6,0.311
21.60167,0.31
21.60333,0.308
21.605,0.307
21.60667,0.306
21.60833,0.306
21.61,0.305
21.61167,0.304
21.61333,0.304
21.615,0.302
21.61667,0.301
21.61833,0.3
21.62,0.3
21.62167,0.3
21.62333,0.3
21.625,0.301
21.62667,0.3
21.62833,0.298
21.63,0.297
21.63167,0.296
21.63333,0.296
21.635,0.294
21.63667,0.294
21.63833,0.294
21.64,0.295
21.64167,0.295
21.64333,0.294
21.645,0.295
21.64667,0.294
21.64833,0.294
21.65,0.294
21.65167,0.294
21.65333,0.292
21.655,0.29
21.65667,0.288
21.65833,0.288
21.66,0.287
21.66167,0.286
21.66333,0.285
21.665,0.285
21.66667,0.285
21.66833,0.285
21.67,0.285
21.67167,0.285
21.67333,0.284
21.675,0.283
21.67667,0.282
21.67833,0.283
21.68,0.284
21.68167,0.284
21.68333,0.284
21.685,0.283
21.68667,0.284
21.68833,0.283
21.69,0.283
21.69167,0.282
21.69333,0.283
21.695,0.284
21.69667,0.283
21.69833,0.283
21.7,0.283
21.70167,0.28
21.70333,0.279
21.705,0.278
21.70667,0.276
21.70833,0.277
21.71,0.278
21.71167,0.277
21.71333,0.278
21.715,0.278
21.71667,0.278
21.71833,0.275
21.72,0.273
21.72167,0.272
21.72333,0.272
21.725,0.272
21.72667,0.273
21.72833,0.272
21.73,0.27
21.73167,0.269
21.73333,0.268
21.735,0.268
21.73667,0.27
21.73833,0.269
21.74,0.267
21.74167,0.267
21.74333,0.265
21.745,0.265
21.74667,0.265
21.74833,0.267
21.75,0.265
21.75167,0.263
21.75333,0.262
21.755,0.262
21.75667,0.264
21.75833,0.263
21.76,0.264
21.76167,0.264
21.76333,0.263
21.765,0.263
21.76667,0.263
21.76833,0.263
21.77,0.261
21.77167,0.26
21.77333,0.257
21.775,0.257
21.77667,0.257
21.77833,0.258
21.78,0.258
21.78167,0.26
21.78333,0.261
21.785,0.259
21.78667,0.261
21.78833,0.262
21.79,0.263
21.79167,0.263
21.79333,0.263
21.795,0.261
21.79667,0.261
21.79833,0.259
21.8,0.258
21.80167,0.258
21.80333,0.258
21.805,0.258
21.80667,0.256
21.80833,0.256
21.81,0.257
21.81167,0.254
21.81333,0.251
21.815,0.249
21.81667,0.25
21.81833,0.249
21.82,0.25
21.82167,0.25
21.82333,0.25
21.825,0.25
21.82667,0.251
21.82833,0.251
21.83,0.252
21.83167,0.252
21.83333,0.251
21.835,0.249
21.83667,0.249
21.83833,0.251
21.84,0.249
21.84167,0.249
21.84333,0.249
21.845,0.248
21.84667,0.249
21.84833,0.25
21.85,0.248
21.85167,0.248
21.85333,0.249
21.855,0.25
21.85667,0.25
21.85833,0.249
21.86,0.246
21.86167,0.245
21.86333,0.244
21.865,0.243
21.86667,0.241
21.86833,0.241
21.87,0.244
21.87167,0.243
21.87333,0.242
21.875,0.241
21.87667,0.242
21.87833,0.241
21.88,0.24
21.88167,0.24
21.88333,0.24
21.885,0.238
21.88667,0.238
21.88833,0.241
21.89,0.24
21.89167,0.239
21.89333,0.238
21.895,0.238
21.89667,0.24
21.89833,0.239
21.9,0.241
21.90167,0.241
21.90333,0.239
21.905,0.237
21.90667,0.237
21.90833,0.235
21.91,0.235
21.91167,0.235
21.91333,0.235
21.915,0.236
21.91667,0.237
21.91833,0.236
21.92,0.237
21.92167,0.238
21.92333,0.238
21.925,0.237
21.92667,0.235
21.92833,0.237
21.93,0.237
21.93167,0.237
21.93333,0.235
21.935,0.235
21.93667,0.235
21.93833,0.234
21.94,0.232
21.94167,0.232
21.94333,0.234
21.945,0.234
21.94667,0.235
21.94833,0.235
21.95,0.236
21.95167,0.235
21.95333,0.234
21.955,0.231
21.95667,0.231
21.95833,0.229
21.96,0.227
21.96167,0.227
21.96333,0.225
21.965,0.225
21.96667,0.225
21.96833,0.227
21.97,0.227
21.97167,0.226
21.97333,0.226
21.975,0.227
21.97667,0.227
21.97833,0.229
21.98,0.23
21.98167,0.23
21.98333,0.228
21.985,0.228
21.98667,0.228
21.98833,0.226
21.99,0.225
21.99167,0.226
21.99333,0.226
21.995,0.226
21.99667,0.226
21.99833,0.225
22,0.225
